﻿<?xml version="1.0" encoding="utf-8" ?>


<Defs>

  <ThinkTreeDef>
    <defName>VFEP_WarDrone</defName>
    <thinkRoot Class="ThinkNode_Priority">
      <subNodes>
        <!-- Downed -->
        <li Class="ThinkNode_Subtree">
          <treeDef>Downed</treeDef>
        </li>
        
        <!-- Do a queued job -->
        <li Class="ThinkNode_QueuedJob" />

        <!-- Lord -->
        <li Class="ThinkNode_Subtree">
          <treeDef>LordDuty</treeDef>
        </li>
		
		<li Class="JobGiver_AIFightEnemies"/>

        <!-- Idle -->
        <li Class="ThinkNode_Tagger">
          <tagToGive>Idle</tagToGive>
          <subNodes>
            <li Class="JobGiver_WanderAnywhere">
              <maxDanger>Deadly</maxDanger>
            </li>
          </subNodes>
        </li>
        
        <!-- Idle error -->
        <li Class="JobGiver_IdleError"/>
      </subNodes>
    </thinkRoot>
  </ThinkTreeDef>

  <ThinkTreeDef>
    <defName>VFEP_SpiderMine</defName>
    <thinkRoot Class="ThinkNode_Priority">
      <subNodes>
        <!-- Downed -->
        <li Class="ThinkNode_Subtree">
          <treeDef>Downed</treeDef>
        </li>
        
        <!-- Do a queued job -->
        <li Class="ThinkNode_QueuedJob" />

        <!-- Lord -->
        <li Class="ThinkNode_Subtree">
          <treeDef>LordDuty</treeDef>
        </li>
		
		<li Class="VFEPirates.JobGiver_GoToNearestEnemyAndExplode"/>

		<li Class="VFE.Mechanoids.AI.JobGivers.JobGiver_StandIdle"/>

		</subNodes>
    </thinkRoot>
  </ThinkTreeDef>
  
</Defs>
