<?xml version="1.0" encoding="utf-8" ?>
<Defs>


  
  <InteractionDef>
    <defName>VFEP_Speech_Shanties</defName>
    <label>singing shanties</label>
    <workerClass>InteractionWorker</workerClass>
    <ignoreTimeSinceLastInteraction>True</ignoreTimeSinceLastInteraction>
    <symbol>Things/Mote/VFEP_SingingMote</symbol>
    <logRulesInitiator>
      <include><li>SpeechUtility</li></include>
      <rulesStrings>
        <li>r_logentry->[INITIATOR_nameDef] [spokeof] [speechtopic].</li>

        <li>speechtopic->searching for [Vegetable]s to avoid scurvy</li>
        <li>speechtopic->how to be [AdjectiveFriendly] while pillaging your enemies</li>
        <li>speechtopic->using [AnimalBadass]s as a protein source</li>
        <li>speechtopic->how [Game] trains you to act as a crew</li>
        <li>speechtopic->using [Weapon] in a raid</li>
        <li>speechtopic->pillaging through [TerrainFeature]s and [TerrainFeature]s</li>             
        <li>speechtopic->how in a crew all are [PersonFamily]s and [PersonFamily]s</li>     
        <li>speechtopic->the need for [PersonJob]s in a crew</li>
        <li>speechtopic->confronting [PersonBadass]s</li>
        <li>speechtopic->defeating [Enemy]s through sticking together</li>
        <li>speechtopic->relishing [Gore] during combat</li>    
        <li>speechtopic->the meaning of camaraderie</li>
        <li>speechtopic->the comradeship of the crew</li>
        <li>speechtopic->how to be [AdjectiveBadass] without being [AdjectiveBadass]</li>
        <li>speechtopic->how [AdjectiveBadass] the crew is</li>
        <li>speechtopic->[AdjectiveNatural] [TerrainFeature]s</li>
        <li>speechtopic->the crew's [AdjectiveLarge] potential</li>
        <li>speechtopic->the [PersonalCharacteristic] of every crewmember</li>
        <li>speechtopic->the terrible [PersonalCharacteristic] of the crew's enemies</li>

        <li>speechtopic(p=0.25)->sticking together as group</li>
        <li>speechtopic(p=0.25)->the path forward through tragedy, sticking together as a crew</li>
        <li>speechtopic(p=0.25)->the crew and its importance</li>
        <li>speechtopic(p=0.25)->survival of the strongest</li>
        <li>speechtopic(p=0.25)->triumph through shared hardship</li>     
        <li>speechtopic(p=0.25)->death of your enemies as a motivator</li>
        <li>speechtopic(p=0.25)->strong hands and hearts, working together</li>
        <li>speechtopic(p=0.25)->the right to survive and defeat those who are weaker</li>

      </rulesStrings>
    </logRulesInitiator>
  </InteractionDef>
  
 


</Defs>