<?xml version="1.0" encoding="UTF-8"?>
<Defs>
    <VFECore.Misc.HireableFactionDef>
        <defName>Pirate</defName>
        <label>pirates</label>
        <description>A loose confederation of pirate gangs who've agreed to mostly fight outsiders instead of fighting each other.\n\nPirates don't sow, they don't build, and they rarely trade. Driven by a blood-and-honor culture that values personal strength and ruthlessness, they enrich themselves by raiding and robbing their more productive neighbors.\n\nTheir technology level depends mostly on who they've managed to steal from recently. Mostly they carry gunpowder weapons, though some prefer to stab victims at close range.</description>
        <texPath>World/WorldObjects/Expanding/PirateOutpost</texPath>
        <color>(1, 0.74, 0.83)</color>
        <pawnKinds>
            <li>Drifter</li>
            <li>Pirate</li>
            <li>Mercenary_Gunner</li>
        </pawnKinds>
        <commTag>pirates</commTag>
        <referencedFaction>Pirate</referencedFaction>
    </VFECore.Misc.HireableFactionDef>
    <VFECore.Misc.HireableFactionDef>
        <defName>VFEP_Junkers</defName>
        <label>junkers</label>
        <description>A loose confederation of pirate gangs who've agreed to mostly fight outsiders instead of fighting each other.
Pirates don't sow, they don't build, and they rarely trade. Driven by a blood-and-honor culture that values personal strength and ruthlessness, they enrich themselves by raiding and robbing their more productive neighbors.
Junkers utilise warcasket technology and seal themselves in metal tombs in which they raid, steal, plunder and inevitably die. They rarely use melee weapons and prefer to keep at distance to the enemy to fully utilise the powerful warcasket weaponry.</description>
        <texPath>UI/FactionIcons/JunkersOutpost</texPath>
        <color>(0.74, 0.33, 0.33)</color>
        <pawnKinds>
            <li>VFEP_Footsoldier</li>
            <li>VFEP_Veteran</li>
            <li>VFEP_HeavyWeaponsPlatform</li>
        </pawnKinds>
        <commTag>pirates</commTag>
        <referencedFaction>VFEP_Junkers</referencedFaction>
    </VFECore.Misc.HireableFactionDef>
    <VFECore.Misc.HireableFactionDef>
        <defName>VFEP_Mercenaries</defName>
        <label>mercenaries</label>
        <description>A paramilitary organisation sanctioned and governed by political figures and megacorporations.
Mercenaries don't sow, they don't build, and they rarely trade. Driven by a blood-and-honor culture that values personal strength and ruthlessness, they enrich themselves by raiding and robbing their more productive neighbors.
Mercenaries utilise spacer-tech weapons and armors to eliminate the targets of their corporate overlords. Unlike other pirate factions, mercenaries can be communicated with and befriended, but they rarely have much to offer in regards to trade and research.</description>
        <texPath>UI/FactionIcons/MercsOutpost</texPath>
        <color>(0.95, 0.46, 0.46)</color>
        <pawnKinds>
            <li>VFEP_Private</li>
            <li>VFEP_Sergeant</li>
            <li>VFEP_Lieutenant</li>
        </pawnKinds>
        <commTag>pirates</commTag>
        <referencedFaction>VFEP_Mercenaries</referencedFaction>
    </VFECore.Misc.HireableFactionDef>
</Defs>