﻿<?xml version="1.0" encoding="utf-8"?>
<Defs>
  <FactionDef ParentName="PlayerFactionBase">
    <defName>VFEP_PlayerPirate</defName>
    <label>New Cove</label>
    <description>A small pirate cove.</description>
    <isPlayer>true</isPlayer>
    <pawnSingular>pirate</pawnSingular>
    <pawnsPlural>pirates</pawnsPlural>
    <basicMemberKind>VFEP_PirateColonist</basicMemberKind>
    <techLevel>Industrial</techLevel>
    <allowedCultures><li>Kriminul</li></allowedCultures>
    <factionNameMaker>NamerFactionPirate</factionNameMaker>
    <settlementNameMaker>NamerSettlementPirate</settlementNameMaker>
    <backstoryFilters>
      <li>
        <categories>
          <li>Pirate</li>
        </categories>
      </li>
    </backstoryFilters>
    <factionIconPath>UI/FactionIcons/PirateCove</factionIconPath>
    <settlementTexturePath>World/WorldObjects/DefaultSettlement</settlementTexturePath>
    <geneticVariance>1</geneticVariance>
    <startingResearchTags>
      <li>ClassicStart</li>
    </startingResearchTags>
    <startingTechprintsResearchTags>
      <li>ClassicStart</li>
      <li>ClassicStartTechprints</li>
    </startingTechprintsResearchTags>
  </FactionDef>
</Defs>