﻿<?xml version="1.0" encoding="utf-8" ?>
<Defs>

	<HediffDef>
		<defName>VFEP_RumAsIngredient</defName>
		<label>drank rum based cocktail</label>
		<makesSickThought>false</makesSickThought>
		<description>This colonist drank a cocktail that had rum as one of its ingredients. Reduces hunger rate by 15%.</description>
		<tendable>false</tendable>
		<isBad>false</isBad>
		<defaultLabelColor>(1,0,0.5)</defaultLabelColor>
		<hediffClass>HediffWithComps</hediffClass>
		<initialSeverity>1.0</initialSeverity>
		<maxSeverity>1.0</maxSeverity>
		<comps>
			<li Class="VanillaCookingExpanded.HediffCompProperties_WhileHavingThoughts">
				<thoughtDefs>
					<li>VFEP_RumAsIngredient</li>
				</thoughtDefs>
			</li>
		</comps>
		<stages>
			<li>   
				<hungerRateFactor>0.85</hungerRateFactor>
			</li>
		</stages>
	</HediffDef>
	
	<HediffDef>
		<defName>VFEP_HypothermicSlowdown</defName>
		<label>hypothermic slowdown</label>
		<description>Dangerously low core body temperature. Unless re-warmed, hypothermic slowdown gets worse and ends in death. Recovery is quick once the victim is re-warmed.</description>
		<defaultLabelColor>(0.8, 0.8, 1)</defaultLabelColor>
		<hediffClass>HediffWithComps</hediffClass>
		<comps>
			<li Class="HediffCompProperties_Disappears">
				<disappearsAfterTicks>7500~10000</disappearsAfterTicks>
			</li>
		</comps>
		<lethalSeverity>1</lethalSeverity>
		<stages>
			<li>
				<label>minor</label>
				<becomeVisible>false</becomeVisible>
			</li>
			<li>
				<label>minor</label>
				<minSeverity>0.04</minSeverity>
				<capMods>
				<li>
					<capacity>Manipulation</capacity>
					<offset>-0.08</offset>
				</li>
				</capMods>
			</li>
			<li>
				<label>moderate</label>
				<minSeverity>0.2</minSeverity>
				<capMods>
				<li>
					<capacity>Moving</capacity>
					<offset>-0.1</offset>
				</li>
				<li>
					<capacity>Manipulation</capacity>
					<offset>-0.2</offset>
				</li>
				</capMods>
			</li>
			<li>
				<label>serious</label>
				<minSeverity>0.35</minSeverity>
				<painOffset>0.15</painOffset>
				<capMods>
				<li>
					<capacity>Moving</capacity>
					<offset>-0.3</offset>
				</li>
				<li>
					<capacity>Manipulation</capacity>
					<offset>-0.5</offset>
				</li>
				</capMods>
			</li>
			<li>
				<label>extreme</label>
				<minSeverity>0.62</minSeverity>
				<lifeThreatening>true</lifeThreatening>
				<painOffset>0.30</painOffset>
				<capMods>
				<li>
					<capacity>Moving</capacity>
					<offset>-0.5</offset>
				</li>
				<li>
					<capacity>Manipulation</capacity>
					<setMax>0.1</setMax>
				</li>
				</capMods>
			</li>
		</stages>
	</HediffDef>
  
  <HediffDef>
    <defName>VFEP_KillItself</defName>
    <label>kill itself</label>
    <description>.</description>
    <defaultLabelColor>(0.8, 0.8, 1)</defaultLabelColor>
    <lethalSeverity>1</lethalSeverity>
	<hediffClass>VFEPirates.Hediff_KillItself</hediffClass>
    <stages>
      <li>
        <label>minor</label>
        <becomeVisible>false</becomeVisible>
      </li>
	</stages>
	</HediffDef>
</Defs>