<?xml version="1.0" encoding="utf-8" ?>
<Defs>

  <PawnKindDef Name="VFEP_MercenariesBase" Abstract="True">
    <race>Human</race>
    <defaultFactionType>VFEP_Mercenaries</defaultFactionType>
    <chemicalAddictionChance>0.12</chemicalAddictionChance>
    <backstoryCryptosleepCommonality>0.05</backstoryCryptosleepCommonality>
    <invNutrition>2.55</invNutrition>
    <biocodeWeaponChance>0.1</biocodeWeaponChance>
    <combatEnhancingDrugsChance>0.05</combatEnhancingDrugsChance>
    <combatEnhancingDrugsCount>0~2</combatEnhancingDrugsCount>
    <modExtensions>
      <li Class="VFECore.PawnKindDefExtension">
        <factionColourApparelPartList>
          <li>Torso</li>
          <li>Torso</li>
          <li>Torso</li>
          <li>Legs</li>
        </factionColourApparelPartList>
        <factionColourApparelLayerList>
          <li>OnSkin</li>
          <li>Middle</li>
          <li>Shell</li>
          <li>OnSkin</li>
        </factionColourApparelLayerList>
      </li>
    </modExtensions>
    <skills>
      <li>
        <skill>Shooting</skill>
        <range>4~20</range>
      </li>
      <li>
        <skill>Melee</skill>
        <range>4~20</range>
      </li>
    </skills>
  </PawnKindDef>

  <PawnKindDef ParentName="VFEP_MercenariesBase">
    <defName>VFEP_Private</defName>
    <label>private</label>
    <combatPower>90</combatPower>
    <maxGenerationAge>55</maxGenerationAge>
    <gearHealthRange>0.7~3.2</gearHealthRange>
    <apparelTags>
      <li>IndustrialBasic</li>
      <li>IndustrialAdvanced</li>
      <li>IndustrialMilitaryBasic</li>
      <li>IndustrialMilitaryAdvanced</li>
      <li>BeltDefensePop</li>
    </apparelTags>
    <apparelMoney>1400~2500</apparelMoney>
    <apparelAllowHeadgearChance>0.5</apparelAllowHeadgearChance>
    <weaponMoney>650~1200</weaponMoney>
    <weaponTags>
      <li>Gun</li>
    </weaponTags>
    <disallowedTraits>
      <li>Brawler</li>
    </disallowedTraits>
    <techHediffsChance>0.15</techHediffsChance>
    <techHediffsMoney>700~1200</techHediffsMoney>
    <techHediffsTags>
      <li>Simple</li>
      <li>Advanced</li>
      <li>ImplantEmpireCommon</li>
    </techHediffsTags>
    <inventoryOptions>
      <skipChance>0.9</skipChance>
      <subOptionsChooseOne>
        <li>
          <thingDef>MedicineIndustrial</thingDef>
          <countRange>1</countRange>
        </li>
      </subOptionsChooseOne>
    </inventoryOptions>
    <initialWillRange>1~2</initialWillRange>
    <initialResistanceRange>7~12</initialResistanceRange>
  </PawnKindDef>
  
  <PawnKindDef ParentName="VFEP_MercenariesBase">
    <defName>VFEP_Corporal</defName>
    <label>corporal</label>
    <combatPower>150</combatPower>
    <maxGenerationAge>55</maxGenerationAge>
    <apparelMoney>3000~5000</apparelMoney>
    <apparelTags>
      <li>IndustrialBasic</li>
      <li>IndustrialAdvanced</li>
    </apparelTags>
	<apparelRequired>
      <li>Apparel_ArmorHelmetRecon</li>
	  <li>Apparel_ArmorRecon</li>
    </apparelRequired>
    <apparelAllowHeadgearChance>1.0</apparelAllowHeadgearChance>
    <weaponMoney>2000~2200</weaponMoney>
    <weaponTags>
      <li>Gun</li>
    </weaponTags>
    <techHediffsChance>0.2</techHediffsChance>
    <techHediffsMoney>500~1300</techHediffsMoney>
    <techHediffsTags>
      <li>Simple</li>
      <li>Advanced</li>
      <li>ImplantEmpireCommon</li>
    </techHediffsTags>
    <inventoryOptions>
      <skipChance>0.7</skipChance>
      <subOptionsChooseOne>
        <li>
          <thingDef>MedicineIndustrial</thingDef>
          <countRange>3</countRange>
        </li>
      </subOptionsChooseOne>
    </inventoryOptions>
    <biocodeWeaponChance>0.2</biocodeWeaponChance>
    <initialWillRange>2~3</initialWillRange>
    <initialResistanceRange>7~12</initialResistanceRange>
  </PawnKindDef>
  
  <PawnKindDef ParentName="VFEP_MercenariesBase">
    <defName>VFEP_Sergeant</defName>
    <label>sergeant</label>
    <combatPower>160</combatPower>
    <maxGenerationAge>55</maxGenerationAge>
    <apparelMoney>3000~5000</apparelMoney>
    <apparelTags>
      <li>IndustrialBasic</li>
      <li>IndustrialAdvanced</li>
    </apparelTags>
	<apparelRequired>
      <li>Apparel_PowerArmorHelmet</li>
	  <li>Apparel_PowerArmor</li>
    </apparelRequired>
    <apparelAllowHeadgearChance>1.0</apparelAllowHeadgearChance>
    <weaponMoney>2600~3200</weaponMoney>
    <weaponTags>
      <li>VFEP_Sergeant</li>
    </weaponTags>
    <techHediffsChance>0.22</techHediffsChance>
    <techHediffsMoney>800~2200</techHediffsMoney>
    <techHediffsTags>
      <li>ImplantEmpireCommon</li>
	  <li>Advanced</li>
    </techHediffsTags>
    <inventoryOptions>
      <skipChance>0.6</skipChance>
      <subOptionsChooseOne>
        <li>
          <thingDef>MedicineIndustrial</thingDef>
          <countRange>5</countRange>
        </li>
      </subOptionsChooseOne>
    </inventoryOptions>
    <biocodeWeaponChance>0.25</biocodeWeaponChance>
    <initialWillRange>2~3</initialWillRange>
    <initialResistanceRange>9~14</initialResistanceRange>
    <combatEnhancingDrugsChance>0.50</combatEnhancingDrugsChance>
    <combatEnhancingDrugsCount>1~2</combatEnhancingDrugsCount>
  </PawnKindDef>
  
  <PawnKindDef ParentName="VFEP_MercenariesBase">
    <defName>VFEP_SergeantMajor</defName>
    <label>sergeant major</label>
    <combatPower>160</combatPower>
    <maxGenerationAge>55</maxGenerationAge>
    <apparelMoney>3000~5000</apparelMoney>
    <apparelTags>
      <li>IndustrialBasic</li>
      <li>IndustrialAdvanced</li>
    </apparelTags>
	<apparelRequired>
      <li>Apparel_PowerArmorHelmet</li>
	  <li>Apparel_PowerArmor</li>
    </apparelRequired>
    <apparelAllowHeadgearChance>1.0</apparelAllowHeadgearChance>
    <weaponMoney>2700~3200</weaponMoney>
    <weaponTags>
      <li>SpacerGun</li>
    </weaponTags>
    <techHediffsChance>0.25</techHediffsChance>
    <techHediffsMoney>800~2200</techHediffsMoney>
	<techHediffsMaxAmount>2</techHediffsMaxAmount>
    <techHediffsTags>
      <li>ImplantEmpireCommon</li>
	  <li>Advanced</li>
    </techHediffsTags>
    <inventoryOptions>
      <skipChance>0.6</skipChance>
      <subOptionsChooseOne>
        <li>
          <thingDef>MedicineIndustrial</thingDef>
          <countRange>5</countRange>
        </li>
      </subOptionsChooseOne>
    </inventoryOptions>
    <biocodeWeaponChance>0.25</biocodeWeaponChance>
    <initialWillRange>2~3</initialWillRange>
    <initialResistanceRange>9~14</initialResistanceRange>
    <combatEnhancingDrugsChance>0.60</combatEnhancingDrugsChance>
    <combatEnhancingDrugsCount>1~2</combatEnhancingDrugsCount>
  </PawnKindDef>
  
  <PawnKindDef ParentName="VFEP_MercenariesBase">
    <defName>VFEP_Lieutenant</defName>
    <label>lieutenant</label>
    <combatPower>200</combatPower>
    <maxGenerationAge>55</maxGenerationAge>
    <apparelMoney>3000~5000</apparelMoney>
    <apparelTags>
      <li>IndustrialBasic</li>
      <li>IndustrialAdvanced</li>
    </apparelTags>
	<apparelRequired>
      <li>Apparel_PowerArmorHelmet</li>
	  <li>VFEP_Apparel_Privateer</li>
    </apparelRequired>
    <apparelAllowHeadgearChance>1.0</apparelAllowHeadgearChance>
    <weaponMoney>2700~3600</weaponMoney>
    <weaponTags>
      <li>SpacerGun</li>
    </weaponTags>
    <techHediffsChance>0.28</techHediffsChance>
    <techHediffsMoney>800~2200</techHediffsMoney>
	<techHediffsMaxAmount>2</techHediffsMaxAmount>
    <techHediffsTags>
      <li>ImplantEmpireCommon</li>
	  <li>Advanced</li>
    </techHediffsTags>
    <inventoryOptions>
      <skipChance>0.6</skipChance>
      <subOptionsChooseOne>
        <li>
          <thingDef>MedicineIndustrial</thingDef>
          <countRange>5</countRange>
        </li>
      </subOptionsChooseOne>
    </inventoryOptions>
    <biocodeWeaponChance>0.25</biocodeWeaponChance>
    <initialWillRange>2~3</initialWillRange>
    <initialResistanceRange>10~15</initialResistanceRange>
    <combatEnhancingDrugsChance>0.70</combatEnhancingDrugsChance>
    <combatEnhancingDrugsCount>1~2</combatEnhancingDrugsCount>
  </PawnKindDef>
  
  <PawnKindDef ParentName="VFEP_MercenariesBase">
    <defName>VFEP_Captain</defName>
    <label>captain</label>
    <combatPower>220</combatPower>
    <maxGenerationAge>55</maxGenerationAge>
    <apparelMoney>3000~5000</apparelMoney>
    <apparelTags>
      <li>IndustrialBasic</li>
      <li>IndustrialAdvanced</li>
      <li>IndustrialMilitaryBasic</li>
      <li>IndustrialMilitaryAdvanced</li>
      <li>SpacerMilitary</li>
      <li>BeltDefensePop</li>
    </apparelTags>
    <apparelAllowHeadgearChance>1.0</apparelAllowHeadgearChance>
    <weaponMoney>2700~3600</weaponMoney>
    <weaponTags>
      <li>VFEP_Captain</li>
    </weaponTags>
    <disallowedTraits>
      <li>Brawler</li>
    </disallowedTraits>
    <techHediffsChance>0.28</techHediffsChance>
    <techHediffsMoney>800~2200</techHediffsMoney>
	<techHediffsMaxAmount>2</techHediffsMaxAmount>
    <techHediffsTags>
      <li>ImplantEmpireCommon</li>
	  <li>Advanced</li>
    </techHediffsTags>
    <inventoryOptions>
      <skipChance>0.6</skipChance>
      <subOptionsChooseOne>
        <li>
          <thingDef>MedicineIndustrial</thingDef>
          <countRange>5</countRange>
        </li>
      </subOptionsChooseOne>
    </inventoryOptions>
    <biocodeWeaponChance>0.25</biocodeWeaponChance>
    <initialWillRange>2~3</initialWillRange>
    <initialResistanceRange>10~15</initialResistanceRange>
    <combatEnhancingDrugsChance>0.80</combatEnhancingDrugsChance>
    <combatEnhancingDrugsCount>1~2</combatEnhancingDrugsCount>
  </PawnKindDef>
  
  <PawnKindDef ParentName="VFEP_MercenariesBase">
    <defName>VFEP_Major</defName>
    <label>major</label>
    <combatPower>300</combatPower>
    <maxGenerationAge>55</maxGenerationAge>
    <apparelMoney>3200~5200</apparelMoney>
    <apparelTags>
      <li>WarcasketVeteran</li>
	  <li>WarcasketCata</li>
    </apparelTags>
    <apparelAllowHeadgearChance>1.0</apparelAllowHeadgearChance>
    <weaponMoney>2800~3800</weaponMoney>
    <weaponTags>
      <li>WarcasketVeteran</li>
    </weaponTags>
    <techHediffsChance>0.3</techHediffsChance>
    <techHediffsMoney>1800~3000</techHediffsMoney>
	<techHediffsMaxAmount>2</techHediffsMaxAmount>
    <techHediffsTags>
      <li>ImplantEmpireCommon</li>
	  <li>Advanced</li>
    </techHediffsTags>
    <inventoryOptions>
      <skipChance>0.5</skipChance>
      <subOptionsChooseOne>
        <li>
          <thingDef>MedicineIndustrial</thingDef>
          <countRange>5</countRange>
        </li>
      </subOptionsChooseOne>
    </inventoryOptions>
    <biocodeWeaponChance>0.25</biocodeWeaponChance>
    <initialWillRange>2~3</initialWillRange>
    <initialResistanceRange>14~18</initialResistanceRange>
    <combatEnhancingDrugsChance>0.90</combatEnhancingDrugsChance>
    <combatEnhancingDrugsCount>1~2</combatEnhancingDrugsCount>
  </PawnKindDef>
  
  <PawnKindDef ParentName="VFEP_MercenariesBase">
    <defName>VFEP_General</defName>
    <label>general</label>
    <combatPower>350</combatPower>
    <maxGenerationAge>55</maxGenerationAge>
	<factionLeader>true</factionLeader>
    <apparelMoney>3200~5200</apparelMoney>
    <apparelTags>
      <li>WarcasketAll</li>
    </apparelTags>
    <apparelAllowHeadgearChance>1.0</apparelAllowHeadgearChance>
    <weaponMoney>2800~3800</weaponMoney>
    <weaponTags>
      <li>WarcasketAll</li>
    </weaponTags>
    <techHediffsChance>0.5</techHediffsChance>
    <techHediffsMoney>1800~3000</techHediffsMoney>
	<techHediffsMaxAmount>3</techHediffsMaxAmount>
    <techHediffsTags>
      <li>ImplantEmpireCommon</li>
	  <li>Advanced</li>
    </techHediffsTags>
    <inventoryOptions>
      <skipChance>0.3</skipChance>
      <subOptionsChooseOne>
        <li>
          <thingDef>MedicineIndustrial</thingDef>
          <countRange>5</countRange>
        </li>
      </subOptionsChooseOne>
    </inventoryOptions>
    <biocodeWeaponChance>0.3</biocodeWeaponChance>
    <initialWillRange>2~3</initialWillRange>
    <initialResistanceRange>16~20</initialResistanceRange>
    <combatEnhancingDrugsChance>1.0</combatEnhancingDrugsChance>
    <combatEnhancingDrugsCount>1~2</combatEnhancingDrugsCount>
  </PawnKindDef>
  
  <PawnKindDef ParentName="VFEP_MercenariesBase">
    <defName>VFEP_General_Melee</defName>
    <label>general</label>
    <combatPower>350</combatPower>
    <maxGenerationAge>55</maxGenerationAge>
	<factionLeader>true</factionLeader>
    <apparelMoney>3200~5200</apparelMoney>
    <apparelTags>
      <li>WarcasketMelee</li>
    </apparelTags>
    <apparelAllowHeadgearChance>1.0</apparelAllowHeadgearChance>
    <weaponMoney>2800~3800</weaponMoney>
    <weaponTags>
      <li>WarcasketMelee</li>
    </weaponTags>
    <techHediffsChance>0.5</techHediffsChance>
    <techHediffsMoney>1800~3000</techHediffsMoney>
	<techHediffsMaxAmount>3</techHediffsMaxAmount>
    <techHediffsTags>
      <li>ImplantEmpireCommon</li>
	  <li>Advanced</li>
    </techHediffsTags>
    <inventoryOptions>
      <skipChance>0.3</skipChance>
      <subOptionsChooseOne>
        <li>
          <thingDef>MedicineIndustrial</thingDef>
          <countRange>5</countRange>
        </li>
      </subOptionsChooseOne>
    </inventoryOptions>
    <biocodeWeaponChance>0.3</biocodeWeaponChance>
    <initialWillRange>2~3</initialWillRange>
    <initialResistanceRange>16~20</initialResistanceRange>
    <combatEnhancingDrugsChance>1.0</combatEnhancingDrugsChance>
    <combatEnhancingDrugsCount>1~2</combatEnhancingDrugsCount>
  </PawnKindDef>

</Defs>
