<?xml version="1.0" encoding="utf-8" ?>
<Defs>

  <PawnKindDef Name="VFEP_JunkersBase" Abstract="True">
    <race>Human</race>
    <defaultFactionType>VFEP_Junkers</defaultFactionType>
    <chemicalAddictionChance>0.12</chemicalAddictionChance>
    <backstoryCryptosleepCommonality>0.05</backstoryCryptosleepCommonality>
    <invNutrition>2.55</invNutrition>
    <biocodeWeaponChance>0.1</biocodeWeaponChance>
  </PawnKindDef>

  <PawnKindDef ParentName="VFEP_JunkersBase">
    <defName>VFEP_Scrapper</defName>
    <label>scrapper</label>
    <combatPower>65</combatPower>
    <maxGenerationAge>65</maxGenerationAge>
    <gearHealthRange>0.7~2.3</gearHealthRange>
    <apparelMoney>400~1250</apparelMoney>
    <apparelTags>
      <li>IndustrialBasic</li>
      <li>IndustrialAdvanced</li>
      <li>IndustrialMilitaryBasic</li>
      <li>IndustrialMilitaryAdvanced</li>
    </apparelTags>
	<apparelRequired>
      <li>Apparel_PlateArmor</li>
    </apparelRequired>
    <apparelAllowHeadgearChance>0.7</apparelAllowHeadgearChance>
    <weaponMoney>250~345</weaponMoney>
    <weaponTags>
      <li>Gun</li>
    </weaponTags>
    <techHediffsChance>0.04</techHediffsChance>
    <techHediffsMoney>50~800</techHediffsMoney>
    <techHediffsTags>
      <li>Poor</li>
      <li>Simple</li>
      <li>ImplantEmpireCommon</li>
    </techHediffsTags>
    <inventoryOptions>
      <skipChance>0.9</skipChance>
      <subOptionsChooseOne>
        <li>
          <thingDef>MedicineIndustrial</thingDef>
          <countRange>1</countRange>
        </li>
      </subOptionsChooseOne>
    </inventoryOptions>
    <biocodeWeaponChance>0.2</biocodeWeaponChance>
    <initialWillRange>2~3</initialWillRange>
    <initialResistanceRange>7~12</initialResistanceRange>
  </PawnKindDef>
  
  <PawnKindDef ParentName="VFEP_JunkersBase">
    <defName>VFEP_Footsoldier</defName>
    <label>footsoldier</label>
    <combatPower>300</combatPower>
    <maxGenerationAge>55</maxGenerationAge>
    <apparelMoney>3000~5000</apparelMoney>
    <apparelTags>
      <li>Warcasket</li>
    </apparelTags>
	<apparelRequired>
      <li>VFEP_Warcasket_Warcasket</li>
	  <li>VFEP_WarcasketShoulders_Warcasket</li>
	  <li>VFEP_WarcasketHelmet_Warcasket</li>
    </apparelRequired>
    <apparelAllowHeadgearChance>1.0</apparelAllowHeadgearChance>
    <weaponMoney>2000~2200</weaponMoney>
    <weaponTags>
      <li>WarcasketBasic</li>
    </weaponTags>
    <techHediffsChance>0.08</techHediffsChance>
    <techHediffsMoney>500~1300</techHediffsMoney>
    <techHediffsTags>
      <li>Simple</li>
      <li>ImplantEmpireCommon</li>
    </techHediffsTags>
    <inventoryOptions>
      <skipChance>0.7</skipChance>
      <subOptionsChooseOne>
        <li>
          <thingDef>MedicineIndustrial</thingDef>
          <countRange>3</countRange>
        </li>
      </subOptionsChooseOne>
    </inventoryOptions>
    <biocodeWeaponChance>0.2</biocodeWeaponChance>
    <initialWillRange>2~3</initialWillRange>
    <initialResistanceRange>7~12</initialResistanceRange>
  </PawnKindDef>
  
  <PawnKindDef ParentName="VFEP_JunkersBase">
    <defName>VFEP_Veteran</defName>
    <label>veteran</label>
    <combatPower>400</combatPower>
    <maxGenerationAge>55</maxGenerationAge>
    <apparelMoney>3000~5000</apparelMoney>
    <apparelTags>
      <li>WarcasketVeteran</li>
    </apparelTags>
    <apparelAllowHeadgearChance>1.0</apparelAllowHeadgearChance>
    <weaponMoney>2600~3200</weaponMoney>
    <weaponTags>
      <li>WarcasketVeteran</li>
    </weaponTags>
    <techHediffsChance>0.18</techHediffsChance>
    <techHediffsMoney>800~2200</techHediffsMoney>
    <techHediffsTags>
      <li>Simple</li>
      <li>ImplantEmpireCommon</li>
	  <li>Advanced</li>
    </techHediffsTags>
    <inventoryOptions>
      <skipChance>0.6</skipChance>
      <subOptionsChooseOne>
        <li>
          <thingDef>MedicineIndustrial</thingDef>
          <countRange>5</countRange>
        </li>
      </subOptionsChooseOne>
    </inventoryOptions>
    <biocodeWeaponChance>0.25</biocodeWeaponChance>
    <initialWillRange>2~3</initialWillRange>
    <initialResistanceRange>9~14</initialResistanceRange>
  </PawnKindDef>
  
  <PawnKindDef ParentName="VFEP_JunkersBase">
    <defName>VFEP_Veteran_Melee</defName>
    <label>veteran</label>
    <combatPower>400</combatPower>
    <maxGenerationAge>55</maxGenerationAge>
    <apparelMoney>3000~5000</apparelMoney>
    <apparelTags>
      <li>WarcasketMelee</li>
    </apparelTags>
    <apparelAllowHeadgearChance>1.0</apparelAllowHeadgearChance>
    <weaponMoney>2600~3200</weaponMoney>
    <weaponTags>
      <li>WarcasketMelee</li>
    </weaponTags>
    <techHediffsChance>0.18</techHediffsChance>
    <techHediffsMoney>800~2200</techHediffsMoney>
    <techHediffsTags>
      <li>Simple</li>
      <li>ImplantEmpireCommon</li>
	  <li>Advanced</li>
    </techHediffsTags>
    <inventoryOptions>
      <skipChance>0.6</skipChance>
      <subOptionsChooseOne>
        <li>
          <thingDef>MedicineIndustrial</thingDef>
          <countRange>5</countRange>
        </li>
      </subOptionsChooseOne>
    </inventoryOptions>
    <biocodeWeaponChance>0.25</biocodeWeaponChance>
    <initialWillRange>2~3</initialWillRange>
    <initialResistanceRange>9~14</initialResistanceRange>
  </PawnKindDef>
  
  <PawnKindDef ParentName="VFEP_JunkersBase">
    <defName>VFEP_HeavyWeaponsPlatform</defName>
    <label>heavy weapons platform</label>
    <combatPower>460</combatPower>
    <maxGenerationAge>55</maxGenerationAge>
    <apparelMoney>3000~5000</apparelMoney>
    <apparelTags>
      <li>WarcasketCata</li>
    </apparelTags>
    <apparelAllowHeadgearChance>1.0</apparelAllowHeadgearChance>
    <weaponMoney>2700~3600</weaponMoney>
    <weaponTags>
      <li>WarcasketHeavy</li>
    </weaponTags>
    <techHediffsChance>0.2</techHediffsChance>
    <techHediffsMoney>800~2200</techHediffsMoney>
    <techHediffsTags>
      <li>Simple</li>
      <li>ImplantEmpireCommon</li>
	  <li>Advanced</li>
    </techHediffsTags>
    <inventoryOptions>
      <skipChance>0.6</skipChance>
      <subOptionsChooseOne>
        <li>
          <thingDef>MedicineIndustrial</thingDef>
          <countRange>5</countRange>
        </li>
      </subOptionsChooseOne>
    </inventoryOptions>
    <biocodeWeaponChance>0.25</biocodeWeaponChance>
    <initialWillRange>2~3</initialWillRange>
    <initialResistanceRange>10~15</initialResistanceRange>
  </PawnKindDef>
  
  <PawnKindDef ParentName="VFEP_JunkersBase">
    <defName>VFEP_Hussar</defName>
    <label>hussar</label>
    <combatPower>600</combatPower>
    <maxGenerationAge>55</maxGenerationAge>
    <apparelMoney>3200~5200</apparelMoney>
    <apparelTags>
      <li>WarcasketHussar</li>
    </apparelTags>
    <apparelAllowHeadgearChance>1.0</apparelAllowHeadgearChance>
    <weaponMoney>2800~3800</weaponMoney>
    <weaponTags>
      <li>WarcasketMelee</li>
    </weaponTags>
    <techHediffsChance>0.3</techHediffsChance>
    <techHediffsMoney>1800~3000</techHediffsMoney>
	<techHediffsMaxAmount>2</techHediffsMaxAmount>
    <techHediffsTags>
      <li>ImplantEmpireCommon</li>
	  <li>Advanced</li>
    </techHediffsTags>
    <inventoryOptions>
      <skipChance>0.5</skipChance>
      <subOptionsChooseOne>
        <li>
          <thingDef>MedicineIndustrial</thingDef>
          <countRange>5</countRange>
        </li>
      </subOptionsChooseOne>
    </inventoryOptions>
    <biocodeWeaponChance>0.25</biocodeWeaponChance>
    <initialWillRange>2~3</initialWillRange>
    <initialResistanceRange>14~18</initialResistanceRange>
  </PawnKindDef>
  
  <PawnKindDef ParentName="VFEP_JunkersBase">
    <defName>VFEP_Pyro</defName>
    <label>pyro</label>
    <combatPower>600</combatPower>
    <maxGenerationAge>55</maxGenerationAge>
	<factionLeader>true</factionLeader>
    <apparelMoney>3200~5200</apparelMoney>
    <apparelTags>
      <li>WarcasketFlamer</li>
    </apparelTags>
    <apparelAllowHeadgearChance>1.0</apparelAllowHeadgearChance>
    <weaponMoney>2800~3800</weaponMoney>
    <weaponTags>
      <li>WarcasketFlamer</li>
    </weaponTags>
    <techHediffsChance>0.3</techHediffsChance>
    <techHediffsMoney>1800~3000</techHediffsMoney>
	<techHediffsMaxAmount>2</techHediffsMaxAmount>
    <techHediffsTags>
      <li>ImplantEmpireCommon</li>
	  <li>Advanced</li>
    </techHediffsTags>
    <inventoryOptions>
      <skipChance>0.5</skipChance>
      <subOptionsChooseOne>
        <li>
          <thingDef>MedicineIndustrial</thingDef>
          <countRange>5</countRange>
        </li>
      </subOptionsChooseOne>
    </inventoryOptions>
    <biocodeWeaponChance>0.25</biocodeWeaponChance>
    <initialWillRange>2~3</initialWillRange>
    <initialResistanceRange>14~18</initialResistanceRange>
  </PawnKindDef>
  
  <PawnKindDef ParentName="VFEP_JunkersBase">
    <defName>VFEP_Artillery</defName>
    <label>artillery</label>
    <combatPower>600</combatPower>
    <maxGenerationAge>55</maxGenerationAge>
	<factionLeader>true</factionLeader>
    <apparelMoney>3200~5200</apparelMoney>
    <apparelTags>
      <li>WarcasketSuperHeavy</li>
    </apparelTags>
    <apparelAllowHeadgearChance>1.0</apparelAllowHeadgearChance>
    <weaponMoney>2800~3800</weaponMoney>
    <weaponTags>
      <li>WarcasketHeavy</li>
    </weaponTags>
    <techHediffsChance>0.3</techHediffsChance>
    <techHediffsMoney>1800~3000</techHediffsMoney>
	<techHediffsMaxAmount>2</techHediffsMaxAmount>
    <techHediffsTags>
      <li>ImplantEmpireCommon</li>
	  <li>Advanced</li>
    </techHediffsTags>
    <inventoryOptions>
      <skipChance>0.5</skipChance>
      <subOptionsChooseOne>
        <li>
          <thingDef>MedicineIndustrial</thingDef>
          <countRange>5</countRange>
        </li>
      </subOptionsChooseOne>
    </inventoryOptions>
    <biocodeWeaponChance>0.25</biocodeWeaponChance>
    <initialWillRange>2~3</initialWillRange>
    <initialResistanceRange>14~18</initialResistanceRange>
  </PawnKindDef>

</Defs>
