<?xml version="1.0" encoding="utf-8"?>
<Defs>
  <PawnKindDef ParentName="BasePlayerPawnKind">
    <defName>VFEP_PirateColonist</defName>
    <label>pirate</label>
    <defaultFactionType>VFEP_PlayerPirate</defaultFactionType>
    <chemicalAddictionChance>0.06</chemicalAddictionChance>
    <gearHealthRange>0.7~2.3</gearHealthRange>
    <apparelMoney>400~1000</apparelMoney>
    <apparelTags>
      <li>IndustrialBasic</li>
      <li>IndustrialAdvanced</li>
      <li>IndustrialMilitaryBasic</li>
      <li>IndustrialMilitaryAdvanced</li>
    </apparelTags>
    <apparelAllowHeadgearChance>0.7</apparelAllowHeadgearChance>
    <backstoryCryptosleepCommonality>1</backstoryCryptosleepCommonality>
    <techHediffsChance>0.04</techHediffsChance>
    <techHediffsMoney>50~800</techHediffsMoney>
    <techHediffsTags>
      <li>Poor</li>
      <li>Simple</li>
      <li>ImplantEmpireCommon</li>
    </techHediffsTags>
    <initialResistanceRange>13~21</initialResistanceRange>
  </PawnKindDef>
</Defs>