<loadFolders>
	<v1.3>
		<li>/</li>
		<li>1.3</li>
		<li IfModActive="Ludeon.RimWorld.Ideology">1.3/Mods/Ideology</li>
        <li IfModActive="OskarPotocki.VFE.Insectoid">1.3/Mods/VFEI</li>	
        <li IfModActive="OskarPotocki.VFE.Vikings">1.3/Mods/VFEV</li>	
        <li IfModActive="VanillaExpanded.VWEC">1.3/Mods/VWEC</li>	
        <li IfModActive="VanillaExpanded.VWEL">1.3/Mods/VWEL</li>	
        <li IfModActive="VanillaExpanded.VWENL">1.3/Mods/VWENL</li>	
        <li IfModActive="VanillaExpanded.VWEQ">1.3/Mods/VWEQ</li>			
	</v1.3>
	<v1.4>
		<li>/</li>
		<li>1.4</li>
		<li IfModActive="Ludeon.RimWorld.Ideology">1.4/Mods/Ideology</li>
        <li IfModActive="OskarPotocki.VFE.Insectoid">1.4/Mods/VFEI</li>	
        <li IfModActive="OskarPotocki.VFE.Vikings">1.4/Mods/VFEV</li>	
        <li IfModActive="VanillaExpanded.VWEC">1.4/Mods/VWEC</li>	
        <li IfModActive="VanillaExpanded.VWEL">1.4/Mods/VWEL</li>	
        <li IfModActive="VanillaExpanded.VWENL">1.4/Mods/VWENL</li>	
        <li IfModActive="VanillaExpanded.VWEQ">1.4/Mods/VWEQ</li>			
	</v1.4>
</loadFolders>


