<?xml version="1.0" encoding="utf-8" ?>
<Defs>

	<HediffDef>
		<defName>HadPackageE</defName>
		<label>吃了美味套餐E</label>
		<description>刚吃了一大份美味套餐E,肚子好饱！感觉一天都不会饿了！</description>
		<isBad>false</isBad>
		<initialSeverity>1</initialSeverity>
		<hediffClass>HediffWithComps</hediffClass>
		<comps>
			<li Class="HediffCompProperties_SeverityPerDay">
				<severityPerDay>-0.9</severityPerDay>
			</li>
		</comps>
		<stages>
			<li>
				<minSeverity>0</minSeverity>
				<painFactor>0.8</painFactor>
				<capMods>
				
				    <li>
						<capacity>Consciousness</capacity>
						<offset>0.20</offset>
					</li>
					<li>
						<capacity>BloodFiltration</capacity>
						<offset>0.25</offset>
					</li>
					<li>
						<capacity>Metabolism</capacity>
						<offset>0.35</offset>
					</li>
					
				</capMods>
			</li>
		</stages>
	</HediffDef>
	
	<HediffDef>
		<defName>HadPackageC</defName>
		<label>吃了美味套餐C</label>
		<description>刚吃了一大份美味套餐C,肚子好饱！大脑更加清醒了！</description>
		<isBad>false</isBad>
		<initialSeverity>1</initialSeverity>
		<hediffClass>HediffWithComps</hediffClass>
		<comps>
			<li Class="HediffCompProperties_SeverityPerDay">
				<severityPerDay>-0.9</severityPerDay>
			</li>
		</comps>
		<stages>
			<li>
				<minSeverity>0</minSeverity>
				<painFactor>0.9</painFactor>
				<capMods>
				
				    <li>
						<capacity>Consciousness</capacity>
						<offset>0.15</offset>
					</li>
					<li>
						<capacity>BloodFiltration</capacity>
						<offset>0.2</offset>
					</li>
					<li>
						<capacity>Metabolism</capacity>
						<offset>0.3</offset>
					</li>
					<li>
						<capacity>Moving</capacity>
						<offset>0.3</offset>
					</li>
					
				</capMods>
			</li>
		</stages>
	</HediffDef>
	
	<HediffDef>
		<defName>HadPackageD</defName>
		<label>吃了美味套餐D</label>
		<description>刚吃了一大份美味套餐D,肚子好饱！感觉很久都不会饿了！</description>
		<isBad>false</isBad>
		<initialSeverity>1</initialSeverity>
		<hediffClass>HediffWithComps</hediffClass>
		<comps>
			<li Class="HediffCompProperties_SeverityPerDay">
				<severityPerDay>-0.9</severityPerDay>
			</li>
		</comps>
		<stages>
			<li>
				<minSeverity>0</minSeverity>
				<capMods>
				
				    <li>
						<capacity>Consciousness</capacity>
						<offset>0.05</offset>
					</li>
					<li>
						<capacity>Metabolism</capacity>
						<offset>0.25</offset>
					</li>
					<li>
						<capacity>Moving</capacity>
						<offset>0.1</offset>
					</li>
					
				</capMods>
			</li>
		</stages>
	</HediffDef>

</Defs>