<?xml version="1.0" encoding="utf-8" ?>
<Patch>

  <Operation Class="PatchOperationFindMod">
    <mods>
      <li>Vanilla Factions Expanded - Pirates</li>
    </mods>
    <match Class="PatchOperationFindMod">
    <mods>
      <li>Vanilla Weapons Expanded - Laser</li>
    </mods>
      <match Class="PatchOperationSequence">
        <operations>

        <li Class="PatchOperationAdd">
          <xpath>Defs</xpath>
          <value>

            <!-- === Ammo Sets === -->

            <CombatExtended.AmmoSetDef>
              <defName>AmmoSet_SalvagedLaserEradicatorCE</defName>
              <label>laser charge</label>
              <ammoTypes>
                <Ammo_LaserChargePack>Bullet_Laser_SalvagedLaserEradicatorCE</Ammo_LaserChargePack>
              </ammoTypes>
            </CombatExtended.AmmoSetDef>

            <!-- === Projectiles === -->

            <!--
              Unstable shots do slightly higher damage, but have slightly less penetration, due to the beams being less focused, delivering the energy over a wider area.
              Vice versa for stable shots, due to better made weaponry.
            -->

            <ThingDef Class="CombatExtended.Lasers.LaserBeamDefCE" ParentName="LaserBulletRed">
              <defName>Bullet_Laser_SalvagedLaserEradicatorCE</defName>
              <label>eradicator laser beam</label>            
              <projectile Class="CombatExtended.ProjectilePropertiesCE">
                <damageDef>Bullet</damageDef>
                <damageAmountBase>20</damageAmountBase>
                <armorPenetrationSharp>15.5</armorPenetrationSharp>
                <armorPenetrationBlunt>0.001</armorPenetrationBlunt>
                <!-- The overall pressure exerted by a laser beam striking something is, unsuprisingly, negligable. -->
              </projectile>
              <comps>
                <li Class="CombatExtended.CompProperties_ExplosiveCE">
                  <damageAmountBase>40</damageAmountBase>
                  <explosiveDamageType>Bomb</explosiveDamageType>
                  <explosiveRadius>3.5</explosiveRadius>
                  <explosionSound>MortarBomb_Explode</explosionSound>
                  <applyDamageToExplosionCellsNeighbors>true</applyDamageToExplosionCellsNeighbors>
                </li>
              </comps>		  
            </ThingDef>

          </value>
        </li>

        </operations>
      </match>
    </match>    
  </Operation>    
</Patch>