<?xml version="1.0" encoding="utf-8" ?>
<Patch>

  <Operation Class="PatchOperationFindMod">
    <mods>
      <li>Vanilla Factions Expanded - Pirates</li>
    </mods>
    <match Class="PatchOperationFindMod">
    <mods>
      <li>Vanilla Weapons Expanded - Quickdraw</li>
    </mods>
      <match Class="PatchOperationSequence">
        <operations>

        <li Class="PatchOperationReplace">
          <xpath>Defs/ThingDef[defName = "VFEP_WarcasketGun_FoldingGun"]/tools</xpath>
          <value>
            <tools>
              <li Class="CombatExtended.ToolCE">
                <label>barrel</label>
                <capacities>
                  <li>Blunt</li>
                </capacities>
                <power>35</power>
                <cooldownTime>2.44</cooldownTime>
                <armorPenetrationBlunt>16</armorPenetrationBlunt>
                <linkedBodyPartsGroup>Barrel</linkedBodyPartsGroup>
              </li>
            </tools>
          </value>
        </li>

        <li Class="CombatExtended.PatchOperationMakeGunCECompatible">
          <defName>VFEP_WarcasketGun_FoldingGun</defName>
          <statBases>
            <RangedWeapon_Cooldown>0.6</RangedWeapon_Cooldown>
            <SightsEfficiency>0.85</SightsEfficiency>
            <ShotSpread>0.10</ShotSpread>
            <SwayFactor>2.32</SwayFactor>
            <Bulk>15</Bulk>
          </statBases>
          <Properties>
            <recoilAmount>0.6</recoilAmount>
            <verbClass>CombatExtended.Verb_ShootCE</verbClass>
            <hasStandardCommand>true</hasStandardCommand>
            <defaultProjectile>Bullet_338Norma_FMJ</defaultProjectile>
            <warmupTime>0.5</warmupTime>
            <range>57</range>
            <burstShotCount>10</burstShotCount>
            <ticksBetweenBurstShots>2</ticksBetweenBurstShots>
            <soundCast>VFEP_Shot_Minigun</soundCast>
            <soundCastTail>GunTail_Medium</soundCastTail>
            <muzzleFlashScale>9</muzzleFlashScale>
            <targetParams>
              <canTargetLocations>true</canTargetLocations>
            </targetParams>
          </Properties>
          <AmmoUser>
            <magazineSize>100</magazineSize>
            <reloadTime>9.2</reloadTime>
            <ammoSet>AmmoSet_338Norma</ammoSet>
          </AmmoUser>
          <FireModes>
            <aimedBurstShotCount>5</aimedBurstShotCount>
            <aiUseBurstMode>FALSE</aiUseBurstMode>
            <aiAimMode>SuppressFire</aiAimMode>
          </FireModes>
        </li>

        </operations>
      </match>
    </match>    
  </Operation>    
</Patch>
