﻿<?xml version="1.0" encoding="utf-8"?>
<ModMetaData>
	<name>HSK的美味套餐</name>
	<author>冷月汐</author>
	<supportedVersions>
		<li>1.3</li>
		<li>1.4</li>
    </supportedVersions>
	<packageId>delicious.package</packageId>
	<description>
	厌倦了小人一天要吃好几顿？来吃大份的美味套餐吧！一顿吃完一天不饿！
	添加了几种用成品食材制造的美味套餐，每份美味套餐都能提供小人一天所需要的营养，同时也能获得比单独吃成品食材更强的加成效果。
	</description>
</ModMetaData>