<?xml version="1.0" encoding="utf-8" ?>
<Defs>

  <FleckDef ParentName="FleckBase_Thrown">
    <defName>VFEP_JumpFlame</defName>
    <graphicData>
      <texPath>Things/Mote/VFEP_JumpFlame</texPath>
      <shaderType>TransparentPostLight</shaderType>
      <renderInstanced>true</renderInstanced>
    </graphicData>
    <altitudeLayer>Projectile</altitudeLayer>
    <solidTime>0.2</solidTime>
    <fadeOutTime>0.05</fadeOutTime>
    <growthRate>-4</growthRate>
  </FleckDef>

  <FleckDef ParentName="FleckBase_Thrown">
    <defName>VFEP_JumpFlameGlow</defName>
    <graphicData>
      <texPath>Things/Mote/VFEP_JumpFlame</texPath>
      <shaderType>MoteGlow</shaderType>
      <color>(1,0.6,0.6,0.3)</color>
    </graphicData>
    <altitudeLayer>Projectile</altitudeLayer>
    <solidTime>0</solidTime>
    <fadeOutTime>0.3</fadeOutTime>
    <growthRate>-3</growthRate>
  </FleckDef>

  <FleckDef ParentName="FleckBase_Thrown">
    <defName>VFEP_JumpSmoke</defName>
    <graphicData>
      <texPath>Things/Mote/Smoke</texPath>
    </graphicData>
    <altitudeLayer>Projectile</altitudeLayer>
    <solidTime>0.2</solidTime>
    <fadeOutTime>0.2</fadeOutTime>
    <growthRate>1.2</growthRate>
  </FleckDef>

</Defs>