<?xml version="1.0" encoding="utf-8" ?>
<Defs>
  

  <ThoughtDef>
    <defName>VFEP_BoringShanties</defName>
    <thoughtClass>Thought_AttendedRitual</thoughtClass>
    <durationDays>6</durationDays>
    <stackLimit>3</stackLimit>
    <stages>
      <li>
        <label>boring singing shanties</label>
        <description>The cap'n displayed a lack of passion and the feeling of camaraderie just wasn't there.</description>
        <baseMoodEffect>-3</baseMoodEffect>
      </li>
    </stages>
  </ThoughtDef>

  <ThoughtDef>
    <defName>VFEP_LameShanties</defName>
    <thoughtClass>Thought_AttendedRitual</thoughtClass>
    <durationDays>6</durationDays>
    <stackLimit>3</stackLimit>
    <stages>
      <li>
        <label>lame singing shanties</label>
        <description>The cap'n treated us like children, wanting so desperately to hear something to lift their spirits.</description>
        <baseMoodEffect>-1</baseMoodEffect>
      </li>
    </stages>
  </ThoughtDef>

  <ThoughtDef>
    <defName>VFEP_RousingShanties</defName>
    <thoughtClass>Thought_AttendedRitual</thoughtClass>
    <durationDays>6</durationDays>
    <stackLimit>3</stackLimit>
    <stages>
      <li>
        <label>rousing singing shanties</label>
        <description>Shiver me timbers, those were some good shanties! The cap'n lifted our spirits and made us feel a camaraderie and togetherness that will only make us stronger.</description>
        <baseMoodEffect>5</baseMoodEffect>
      </li>
    </stages>
  </ThoughtDef>

  <ThoughtDef>
    <defName>VFEP_AmazingShanties</defName>
    <thoughtClass>Thought_AttendedRitual</thoughtClass>
    <durationDays>6</durationDays>
    <stackLimit>3</stackLimit>
    <stages>
      <li>
        <label>amazing singing shanties</label>
        <description>We can still hear the mesmerizing words of the cap'n, as they reminded us of the importance of our shared camaraderie. We can even feel our sadness vanish away.</description>
        <baseMoodEffect>8</baseMoodEffect>
      </li>
    </stages>
  </ThoughtDef>
  
  

 

</Defs>