<?xml version="1.0" encoding="utf-8" ?>
<Defs>

  <ThingDef ParentName="SK_MealBase">
		<defName>LYXPackageA</defName>
		<label>美味套餐A-腌菜烤肉</label>
		<description>两片烤肉中间夹着一些爽口解腻的腌菜！</description>
		<graphicData>
			<texPath>Things/Package/PackageA</texPath>
			<graphicClass>Graphic_Single</graphicClass>
		</graphicData>
		<statBases>
			<DeteriorationRate>10</DeteriorationRate>
			<MarketValue>30</MarketValue>
			<Bulk>1.5</Bulk>
			<Mass>1.2</Mass>	 
			<Nutrition>1.65</Nutrition>
		</statBases>
		<ingestible>
			<foodType>Meal, Processed</foodType>
			<preferability>MealSimple</preferability>
			<ingestEffect>EatVegetarian</ingestEffect>
			<ingestSound>Meal_Eat</ingestSound>
		</ingestible>
		<comps>
			<li Class="CompProperties_Rottable">
				<daysToRotStart>4</daysToRotStart>
				<rotDestroys>true</rotDestroys>
			</li>
		</comps>
	</ThingDef>
	
	<ThingDef ParentName="SK_MealBase">
		<defName>LYXPackageB</defName>
		<label>美味套餐B-曲奇肉汤</label>
		<description>在肉汤里撒上几块曲奇饼，又好吃又耐饱!</description>
		<graphicData>
			<texPath>Things/Package/PackageB</texPath>
			<graphicClass>Graphic_Single</graphicClass>
		</graphicData>
		<statBases>
			<MaxHitPoints>50</MaxHitPoints>
			<Flammability>1.0</Flammability>
			<DeteriorationRate>10</DeteriorationRate>
			<MarketValue>70</MarketValue>
			<WorkToMake>600</WorkToMake>
			<Nutrition>1.75</Nutrition>
		</statBases>
		<comps>
			<li Class="CompProperties_Rottable">

				<daysToRotStart>4</daysToRotStart>
				<rotDestroys>true</rotDestroys>
			</li>
		</comps>
		<ingestible>
			<preferability>MealLavish</preferability>
			<joy>0.6</joy>
			<ingestEffect>EatVegetarian</ingestEffect>
			<ingestSound>Meal_Eat</ingestSound>
			<joyKind>Gluttonous</joyKind>
		</ingestible>
	</ThingDef>
	
	<ThingDef ParentName="SK_MealBase">
		<defName>LYXPackageC</defName>
		<label>美味套餐C-甜蜜三明治</label>
		<description>好大的三明治！好大的甜面包！</description>
		<graphicData>
			<texPath>Things/Package/PackageC</texPath>
			<graphicClass>Graphic_Single</graphicClass>
		</graphicData>
		<statBases>
			<DeteriorationRate>10</DeteriorationRate>
			<MarketValue>90</MarketValue>
			<Bulk>1.5</Bulk>
			<Mass>1.2</Mass>	 
			<Nutrition>1.8</Nutrition>
		</statBases>
		<ingestible>
			<tasteThought>AteLavishMeal</tasteThought>
			<preferability>MealLavish</preferability>
			<joy>0.6</joy>
			<ingestEffect>EatVegetarian</ingestEffect>
			<ingestSound>Meal_Eat</ingestSound>
			<joyKind>Gluttonous</joyKind>
			<outcomeDoers>
				<li Class="IngestionOutcomeDoer_GiveHediff">
					<hediffDef>HadPackageC</hediffDef>
					<severity>1.0</severity>
				</li>
			</outcomeDoers>
		</ingestible>
		<comps>
			<li Class="CompProperties_Rottable">
				<daysToRotStart>10</daysToRotStart>
				<rotDestroys>true</rotDestroys>
			</li>
		</comps>
	</ThingDef>
	
	<ThingDef ParentName="SK_MealBase">
		<defName>LYXPackageD</defName>
		<label>美味套餐D-夹心面包松饼</label>
		<description>柔软蓬松的面包里面夹着融化后的的太妃糖~~</description>
		<graphicData>
			<texPath>Things/Package/PackageD</texPath>
			<graphicClass>Graphic_Single</graphicClass>
		</graphicData>
		<statBases>
			<DeteriorationRate>10</DeteriorationRate>
			<MarketValue>80</MarketValue>
			<Bulk>1.5</Bulk>
			<Mass>1.2</Mass>	 
			<Nutrition>1.65</Nutrition>
		</statBases>
		<ingestible>
			<tasteThought>AteLavishMeal</tasteThought>
			<preferability>MealLavish</preferability>
			<joy>0.5</joy>
			<ingestEffect>EatVegetarian</ingestEffect>
			<ingestSound>Meal_Eat</ingestSound>
			<joyKind>Gluttonous</joyKind>
			<outcomeDoers>
				<li Class="IngestionOutcomeDoer_GiveHediff">
					<hediffDef>HadPackageD</hediffDef>
					<severity>1.0</severity>
				</li>
			</outcomeDoers>
		</ingestible>
		<comps>
			<li Class="CompProperties_Rottable">
				<daysToRotStart>12</daysToRotStart>
				<rotDestroys>true</rotDestroys>
			</li>
		</comps>
	</ThingDef>
	
	<ThingDef ParentName="SK_MealBase">
		<defName>LYXPackageE</defName>
		<label>美味套餐E-汉堡果汁</label>
		<description>两份汉堡和一杯果汁的套餐！只有大胃王才能吃完！</description>
		<graphicData>
			<texPath>Things/Package/PackageE</texPath>
			<graphicClass>Graphic_Single</graphicClass>
		</graphicData>
		<statBases>
			<DeteriorationRate>10</DeteriorationRate>
			<MarketValue>80</MarketValue>
			<Bulk>1.5</Bulk>
			<Mass>1.2</Mass>	 
			<Nutrition>1.8</Nutrition>
		</statBases>
		<ingestible>
			<tasteThought>AteLavishMeal</tasteThought>
			<preferability>MealLavish</preferability>
			<joy>0.3</joy>
			<ingestEffect>EatVegetarian</ingestEffect>
			<ingestSound>Meal_Eat</ingestSound>
			<joyKind>Gluttonous</joyKind>
			<outcomeDoers>
				<li Class="IngestionOutcomeDoer_GiveHediff">
					<hediffDef>HadPackageE</hediffDef>
					<severity>1.0</severity>
				</li>
			</outcomeDoers>
		</ingestible>
		<comps>
			<li Class="CompProperties_Rottable">
				<daysToRotStart>6</daysToRotStart>
				<rotDestroys>true</rotDestroys>
			</li>
		</comps>
	</ThingDef>
</Defs>