<?xml version="1.0" encoding="utf-8"?>
<ModMetaData>
  <name>HSK海盗战棺拓展个人兼容版</name>
  <author>Oskar Potocki, Sarg Bjornson, erdelf, Roolo, Smash Phil, Taranchuk, xrushha, Kikohi, legodude17</author>
  <supportedVersions>
    <li>1.3</li>
  </supportedVersions>
  <packageId>OskarPotocki.VFE.Pirates</packageId>
  <description>
    对原版海盗拓展的内容根据HSK进行了相应的配适，萌新兼容，如果遇到报错不要奇怪。
	PS：统控型无畏战棺的无人机功能可能出现报错，建议不要使用，如果报错等60秒无人机自毁了即可
  </description>
  <modDependencies>
    <li>
      <packageId>brrainz.harmony</packageId>
      <displayName>Harmony</displayName>
      <downloadUrl>https://github.com/pardeike/HarmonyRimWorld/releases/latest</downloadUrl>
      <steamWorkshopUrl>https://steamcommunity.com/workshop/filedetails/?id=2009463077</steamWorkshopUrl>
    </li>
    <li>
      <packageId>OskarPotocki.VanillaFactionsExpanded.Core</packageId>
      <displayName>Vanilla Expanded Framework</displayName>
      <steamWorkshopUrl>https://steamcommunity.com/sharedfiles/filedetails/?id=2023507013</steamWorkshopUrl>
    </li>
  </modDependencies>
  <loadAfter>
    <li>Ludeon.RimWorld</li>
    <li>Ludeon.RimWorld.Ideology</li>
    <li>brrainz.harmony</li>
    <li>OskarPotocki.VanillaFactionsExpanded.Core</li>
    <li>VanillaExpanded.VWEL</li>
  </loadAfter>
	<incompatibleWith>
		<li>n7huntsman.combatshields</li> 
	</incompatibleWith>
</ModMetaData>