<?xml version="1.0" encoding="utf-8" ?>
<Defs>


  <ThingDef Name="VFEP_BaseMeleeWeapon_Warcasket" ParentName="BaseMeleeWeapon" Abstract="True">
    <graphicData>
      <graphicClass>Graphic_Single</graphicClass>
    </graphicData>
    <weaponClasses>
      <li>MeleePiercer</li>
    </weaponClasses>
	<techLevel>Industrial</techLevel>
    <weaponTags>
      <li>WarcasketMelee</li>
    </weaponTags>
	<thingSetMakerTags><li>Warcasket</li></thingSetMakerTags>
    <tradeTags>
      <li>VFEP_WarcasketWeapon</li>
    </tradeTags>
	<relicChance>0</relicChance>
	<recipeMaker Inherit="False" IsNull="True"/>
	<comps>
		<li>
			<compClass>CompOversizedWeapon.CompOversizedWeapon</compClass>
		</li>
	</comps>
	<modExtensions>
		<li Class="HeavyWeapons.HeavyWeapon">
			<isHeavy>true</isHeavy>
			<supportedTraits>
				<li>VFEP_WarcasketTrait</li>
			</supportedTraits>
			<disableOptionLabelKey>VFEP.RequiresWarcasket</disableOptionLabelKey>
		</li>
	</modExtensions>
  </ThingDef>

  <ThingDef ParentName="VFEP_BaseMeleeWeapon_Warcasket">
    <defName>VFEP_WarcasketMeleeWeapon_CombatKnife</defName>
    <label>warcasket combat knife</label>
    <description>An upscaled version of the combat knife designed for use by a warcasket. It is only still called a knife due to size comparison to a warcasket, but it is capable of cleaving a man in half and is just as large. The preferred weapon for the faster moving warcaskets that prioritize lightly armored, isolated targets.</description>
	<thingClass>VFECore.ThingWithFloorGraphic</thingClass>
    <graphicData>
      <texPath>Things/Item/Weapons/WarcasketCombatKnife</texPath>
	  <drawSize>1.7</drawSize>
    </graphicData>
    <statBases>
	  <MarketValue>870</MarketValue>
      <WorkToMake>25000</WorkToMake>
      <Mass>10</Mass>
    </statBases>
    <equippedAngleOffset>-65</equippedAngleOffset>
    <costList>
      <Steel>140</Steel>
    </costList>
    <weaponTags>
	  <li>WarcasketMelee</li>
    </weaponTags>
    <tools>
      <li>
        <label>point</label>
        <capacities>
          <li>Stab</li>
        </capacities>
        <power>24</power>
        <cooldownTime>2</cooldownTime>
		<armorPenetration>0.34</armorPenetration>
      </li>
      <li>
        <label>blade</label>
        <capacities>
          <li>Cut</li>
        </capacities>
        <power>24</power>
        <cooldownTime>2.4</cooldownTime>
		<armorPenetration>0.34</armorPenetration>
      </li>
    </tools>
    <recipeMaker>
      <skillRequirements>
        <Crafting>7</Crafting>
      </skillRequirements>
    </recipeMaker>
	<modExtensions>
		<li Class="VFECore.FloorGraphicExtension">
			<graphicData>
				<graphicClass>Graphic_Single</graphicClass>
				<texPath>Things/Item/WeaponsBoxed/WarcasketCombatKnife_OnFloor</texPath>
				<onGroundRandomRotateAngle>0</onGroundRandomRotateAngle>
				<drawSize>1</drawSize>
			</graphicData>
		</li>
	</modExtensions>
  </ThingDef>
  
  <ThingDef ParentName="VFEP_BaseMeleeWeapon_Warcasket">
    <defName>VFEP_WarcasketMeleeWeapon_Broadsword</defName>
    <label>warcasket broadsword</label>
    <description>A very unique melee weapon exclusively made for warcaskets. It combines massive weight and a cutting force that gives it no equal in melee combat. While it was intended for use against other warcaskets, it works just as well against smaller targets that would normally be considered armored.</description>
    <thingClass>VFECore.ThingWithFloorGraphic</thingClass>
	<graphicData>
      <texPath>Things/Item/Weapons/WarcasketBroadsword</texPath>
      <graphicClass>Graphic_Single</graphicClass>
	  <drawSize>1.7</drawSize>
    </graphicData>
    <statBases>
	  <MarketValue>1460</MarketValue>
      <WorkToMake>35000</WorkToMake>
      <Mass>30</Mass>
    </statBases>
	<equippedAngleOffset>-35</equippedAngleOffset>
    <tools>
      <li>
        <label>point</label>
        <capacities>
          <li>Stab</li>
        </capacities>
        <power>26</power>
        <cooldownTime>2.6</cooldownTime>
		<armorPenetration>0.45</armorPenetration>
      </li>
      <li>
        <label>blade</label>
        <capacities>
          <li>Cut</li>
        </capacities>
        <power>36</power>
        <cooldownTime>2.8</cooldownTime>
		<armorPenetration>0.5</armorPenetration>
      </li>
    </tools>
	<modExtensions>
		<li Class="VFECore.FloorGraphicExtension">
			<graphicData>
				<graphicClass>Graphic_Single</graphicClass>
				<texPath>Things/Item/WeaponsBoxed/WarcasketBroadsword_OnFloor</texPath>
				<onGroundRandomRotateAngle>0</onGroundRandomRotateAngle>
				<drawSize>1</drawSize>
			</graphicData>
		</li>
	</modExtensions>
  </ThingDef>
  
<!--======================================================= UPDATE =======================================================-->
  
  <ThingDef ParentName="VFEP_BaseMeleeWeapon_Warcasket">
    <defName>VFEP_WarcasketMeleeWeapon_GravityHammer</defName>
    <label>warcasket gravity hammer</label>
    <description>A monumental piece of anti-personnel technology that can only be properly utilized by the oversized warcaskets. Practically an engine block fitted to the end of a mech’s limb actuator, equipped with multiple pneumatic plates covering miniature repulsor generators designed for riot control. In layman’s terms, a strike from the head will launch the target backwards by several meters.</description>
    <thingClass>VFECore.ThingWithFloorGraphic</thingClass>
	<graphicData>
      <texPath>Things/Item/Weapons/WarcasketGravityHammer</texPath>
      <graphicClass>Graphic_Single</graphicClass>
	  <drawSize>1.7</drawSize>
    </graphicData>
    <statBases>
	  <MarketValue>3000</MarketValue>
      <WorkToMake>80000</WorkToMake>
      <Mass>50</Mass>
    </statBases>
	<equippedAngleOffset>-35</equippedAngleOffset>
    <weaponTags>
        <li>WarcasketMelee</li>
    </weaponTags>
    <tools>
      <li>
        <label>head</label>
        <capacities>
          <li>VFEP_GravityHammerAttack</li>
        </capacities>
        <power>31</power>
        <cooldownTime>3</cooldownTime>
		<armorPenetration>0.5</armorPenetration>
      </li>
      <li>
        <label>handle</label>
        <capacities>
          <li>Poke</li>
        </capacities>
        <power>15</power>
        <cooldownTime>2</cooldownTime>
		<armorPenetration>0.4</armorPenetration>
      </li>
    </tools>
	<modExtensions>
		<li Class="VFECore.FloorGraphicExtension">
			<graphicData>
				<graphicClass>Graphic_Single</graphicClass>
				<texPath>Things/Item/WeaponsBoxed/WarcasketGravityHammer_OnFloor</texPath>
				<onGroundRandomRotateAngle>0</onGroundRandomRotateAngle>
				<drawSize>1</drawSize>
			</graphicData>
		</li>
	</modExtensions>
  </ThingDef>

</Defs>