﻿<?xml version="1.0" encoding="utf-8" ?>
<Defs>

  <ThingDef Name="VFEP_BaseWarcasketGun" ParentName="BaseGun" Abstract="True">
    <thingClass>VFECore.ThingWithFloorGraphic</thingClass>
    <graphicData>
      <graphicClass>Graphic_Single</graphicClass>
	  <drawSize>1.7</drawSize>
    </graphicData>
    <weaponClasses>
      <li>RangedHeavy</li>
    </weaponClasses>
    <weaponTags>
      <li>WarcasketAll</li>
    </weaponTags>
    <tradeTags>
      <li>VFEP_WarcasketWeapon</li>
    </tradeTags>
	<thingSetMakerTags><li>Warcasket</li></thingSetMakerTags>
	<relicChance>0</relicChance>
	<recipeMaker Inherit="False" IsNull="True"/>
	<comps>
		<li>
			<compClass>CompOversizedWeapon.CompOversizedWeapon</compClass>
		</li>
	</comps>
	<modExtensions>
		<li Class="HeavyWeapons.HeavyWeapon">
			<isHeavy>true</isHeavy>
			<supportedTraits>
				<li>VFEP_WarcasketTrait</li>
			</supportedTraits>
			<disableOptionLabelKey>VFEP.RequiresWarcasket</disableOptionLabelKey>
		</li>
	</modExtensions>
  </ThingDef>

  <ThingDef ParentName="VFEP_BaseWarcasketGun">
    <defName>VFEP_WarcasketGun_Autorifle</defName>
    <label>warcasket autorifle</label>
    <description>A portable version of the autocannon designed for use by a warcasket. Due to a shortened barrel it has a lower range, less penetration and damage compared to the turreted version. However, it is very capable in close quarters combat which makes up for the slight accuracy loss at greater ranges.</description>
    <graphicData>
      <texPath>Things/Item/Weapons/WarcasketAutorifle</texPath>
    </graphicData>
    <soundInteract>Interact_Rifle</soundInteract>
    <statBases>
	  <MarketValue>1250</MarketValue>
      <WorkToMake>45000</WorkToMake>
      <Mass>30</Mass>
      <AccuracyTouch>0.55</AccuracyTouch>
      <AccuracyShort>0.64</AccuracyShort>
      <AccuracyMedium>0.55</AccuracyMedium>
      <AccuracyLong>0.45</AccuracyLong>
      <RangedWeapon_Cooldown>2.2</RangedWeapon_Cooldown>
    </statBases>
    <weaponTags>
      <li>WarcasketBasic</li>
	  <li>WarcasketVeteran</li>
    </weaponTags>
    <verbs>
      <li>
        <verbClass>Verb_Shoot</verbClass>
        <hasStandardCommand>true</hasStandardCommand>
        <defaultProjectile>VFEP_Bullet_WarcasketAutorifle</defaultProjectile>
        <warmupTime>1</warmupTime>
        <range>28.9</range>
        <ticksBetweenBurstShots>17</ticksBetweenBurstShots>
        <burstShotCount>3</burstShotCount>
        <soundCast>Shot_Autocannon</soundCast>
        <soundCastTail>GunTail_Medium</soundCastTail>
        <muzzleFlashScale>9</muzzleFlashScale>
      </li>
    </verbs>
    <tools>
      <li>
        <label>stock</label>
        <capacities>
          <li>Blunt</li>
        </capacities>
        <power>11</power>
        <cooldownTime>3</cooldownTime>
      </li>
      <li>
        <label>barrel</label>
        <capacities>
          <li>Blunt</li>
          <li>Poke</li>
        </capacities>
        <power>9</power>
        <cooldownTime>3</cooldownTime>
      </li>
    </tools>
	<modExtensions>
		<li Class="VFECore.FloorGraphicExtension">
			<graphicData>
				<graphicClass>Graphic_Single</graphicClass>
				<texPath>Things/Item/WeaponsBoxed/WarcasketAutorifle_OnFloor</texPath>
				<onGroundRandomRotateAngle>0</onGroundRandomRotateAngle>
				<drawSize>1</drawSize>
			</graphicData>
		</li>
	</modExtensions>
  </ThingDef>
  
  <ThingDef ParentName="BaseBullet">
    <defName>VFEP_Bullet_WarcasketAutorifle</defName>
    <label>warcasket autorifle bullet</label>
    <graphicData>
      <texPath>Things/Projectile/Bullet_Big</texPath>
      <graphicClass>Graphic_Single</graphicClass>
    </graphicData>
    <projectile>
      <damageDef>Bullet</damageDef>
      <damageAmountBase>22</damageAmountBase>
      <stoppingPower>0.5</stoppingPower>
	  <armorPenetrationBase>0.375</armorPenetrationBase>
      <speed>46</speed>
    </projectile>
  </ThingDef>
  
  <ThingDef ParentName="VFEP_BaseWarcasketGun">
    <defName>VFEP_WarcasketGun_UraniumSlugRifle</defName>
    <label>warcasket uranium slug rifle</label>
    <description>A portable version of the uranium slug cannon designed for use by a warcasket. Due to a shortened barrel it has less penetration, worse recoil and damage compared to the turreted version. However, it lacks the minimum range requirement thanks to a human operator and has better mid-range performance.</description>
    <graphicData>
      <texPath>Things/Item/Weapons/WarcasketUraniumSlugRifle</texPath>
    </graphicData>
    <soundInteract>Interact_Rifle</soundInteract>
    <statBases>
	  <MarketValue>1650</MarketValue>
      <WorkToMake>48000</WorkToMake>
      <Mass>40</Mass>
      <AccuracyTouch>0.20</AccuracyTouch>
      <AccuracyShort>0.35</AccuracyShort>
      <AccuracyMedium>0.55</AccuracyMedium>
      <AccuracyLong>0.95</AccuracyLong>
      <RangedWeapon_Cooldown>2.2</RangedWeapon_Cooldown>
    </statBases>
    <weaponTags>
	  <li>WarcasketVeteran</li>
    </weaponTags>
    <verbs>
      <li>
        <verbClass>Verb_Shoot</verbClass>
        <hasStandardCommand>true</hasStandardCommand>
        <defaultProjectile>VFEP_Bullet_WarcasketUraniumSlugRifle</defaultProjectile>
        <warmupTime>2.3</warmupTime>
        <range>45.9</range>
        <ticksBetweenBurstShots>17</ticksBetweenBurstShots>
        <burstShotCount>1</burstShotCount>
        <soundCast>Shot_TurretSniper</soundCast>
        <soundCastTail>GunTail_Heavy</soundCastTail>
        <muzzleFlashScale>9</muzzleFlashScale>
      </li>
    </verbs>
    <tools>
      <li>
        <label>stock</label>
        <capacities>
          <li>Blunt</li>
        </capacities>
        <power>9</power>
        <cooldownTime>3.5</cooldownTime>
      </li>
      <li>
        <label>barrel</label>
        <capacities>
          <li>Blunt</li>
          <li>Poke</li>
        </capacities>
        <power>11</power>
        <cooldownTime>3.5</cooldownTime>
      </li>
    </tools>
	<modExtensions>
		<li Class="VFECore.FloorGraphicExtension">
			<graphicData>
				<graphicClass>Graphic_Single</graphicClass>
				<texPath>Things/Item/WeaponsBoxed/WarcasketUraniumSlugRifle_OnFloor</texPath>
				<onGroundRandomRotateAngle>0</onGroundRandomRotateAngle>
				<drawSize>1</drawSize>
			</graphicData>
		</li>
	</modExtensions>
  </ThingDef>
  
  <ThingDef ParentName="BaseBullet">
    <defName>VFEP_Bullet_WarcasketUraniumSlugRifle</defName>
    <label>uranium slug</label>
    <graphicData>
      <texPath>Things/Projectile/Bullet_Big</texPath>
      <graphicClass>Graphic_Single</graphicClass>
    </graphicData>
    <projectile>
      <damageDef>Bullet</damageDef>
      <damageAmountBase>50</damageAmountBase>
      <stoppingPower>2</stoppingPower>
	  <armorPenetrationBase>0.75</armorPenetrationBase>
      <speed>120</speed>
    </projectile>
  </ThingDef>
  
  <ThingDef ParentName="VFEP_BaseWarcasketGun">
    <defName>VFEP_WarcasketGun_Slugthrower</defName>
    <label>warcasket slugthrower</label>
    <description>An upscaled version of the pump shotgun designed for use by a warcasket. Each cartridge fired contains 4 pellets larger than slugs from a regular-sized shotgun, giving it better range, armor penetration and much better damage. The recoil is insane though, even for a warcasket’s recoil damping system.</description>
    <graphicData>
      <texPath>Things/Item/Weapons/WarcasketSlugthrower</texPath>
    </graphicData>
    <soundInteract>Interact_Shotgun</soundInteract>
    <statBases>
	  <MarketValue>1100</MarketValue>
      <WorkToMake>45000</WorkToMake>
      <Mass>25</Mass>
      <AccuracyTouch>0.80</AccuracyTouch>
      <AccuracyShort>0.87</AccuracyShort>
      <AccuracyMedium>0.77</AccuracyMedium>
      <AccuracyLong>0.64</AccuracyLong>
      <RangedWeapon_Cooldown>2.75</RangedWeapon_Cooldown>
    </statBases>
    <weaponTags>
	  <li>WarcasketVeteran</li>
    </weaponTags>
    <verbs>
      <li>
        <verbClass>Verb_Shoot</verbClass>
        <hasStandardCommand>true</hasStandardCommand>
        <defaultProjectile>VFEP_Bullet_WarcasketSlugthrower</defaultProjectile>
        <warmupTime>0.9</warmupTime>
        <range>18.9</range>
        <ticksBetweenBurstShots>1</ticksBetweenBurstShots>
        <burstShotCount>4</burstShotCount>
        <soundCast>VFEP_Shot_Slugthrower</soundCast>
        <soundCastTail>GunTail_Heavy</soundCastTail>
        <muzzleFlashScale>9</muzzleFlashScale>
      </li>
    </verbs>
    <tools>
      <li>
        <label>stock</label>
        <capacities>
          <li>Blunt</li>
        </capacities>
        <power>11</power>
        <cooldownTime>2.5</cooldownTime>
      </li>
      <li>
        <label>barrel</label>
        <capacities>
          <li>Blunt</li>
          <li>Poke</li>
        </capacities>
        <power>11</power>
        <cooldownTime>2.5</cooldownTime>
      </li>
    </tools>
	<modExtensions>
		<li Class="VFECore.FloorGraphicExtension">
			<graphicData>
				<graphicClass>Graphic_Single</graphicClass>
				<texPath>Things/Item/WeaponsBoxed/WarcasketSlugThrower_OnFloor</texPath>
				<onGroundRandomRotateAngle>0</onGroundRandomRotateAngle>
				<drawSize>1</drawSize>
			</graphicData>
		</li>
	</modExtensions>
  </ThingDef>
  
  <ThingDef ParentName="BaseBullet">
    <defName>VFEP_Bullet_WarcasketSlugthrower</defName>
    <label>warcasket slugthrower blast</label>
    <graphicData>
      <texPath>Things/Projectile/Bullet_Shotgun</texPath>
      <graphicClass>Graphic_Single</graphicClass>
	  <drawSize>1.5</drawSize>
    </graphicData>
    <projectile>
      <damageDef>Bullet</damageDef>
      <damageAmountBase>30</damageAmountBase>
      <stoppingPower>3</stoppingPower>
      <armorPenetrationBase>0.225</armorPenetrationBase>
      <speed>55</speed>
    </projectile>
  </ThingDef>
  
  <ThingDef ParentName="VFEP_BaseWarcasketGun">
    <defName>VFEP_WarcasketGun_Minigun</defName>
    <label>warcasket minigun</label>
    <description>An upscaled version of the minigun designed for use by a warcasket. It uses larger caliber rounds which are poorly made en masse due to how many rounds need to be manufactured. Thus, it has a slower rate of fire and armor penetration, but who cares because no one wants to be on the receiving end of this amount of dakka.</description>
    <graphicData>
      <texPath>Things/Item/Weapons/WarcasketMinigun</texPath>
    </graphicData>
    <soundInteract>Interact_Rifle</soundInteract>
    <statBases>
	  <MarketValue>2240</MarketValue>
      <WorkToMake>55000</WorkToMake>
      <Mass>45</Mass>
      <AccuracyTouch>0.15</AccuracyTouch>
      <AccuracyShort>0.25</AccuracyShort>
      <AccuracyMedium>0.25</AccuracyMedium>
      <AccuracyLong>0.18</AccuracyLong>
      <RangedWeapon_Cooldown>2.6</RangedWeapon_Cooldown>
    </statBases>
    <weaponTags>
	  <li>WarcasketHeavy</li>
    </weaponTags>
    <verbs>
      <li>
        <verbClass>Verb_Shoot</verbClass>
        <hasStandardCommand>true</hasStandardCommand>
        <defaultProjectile>VFEP_Bullet_WarcasketMinigun</defaultProjectile>
        <warmupTime>3.1</warmupTime>
        <range>30.9</range>
        <ticksBetweenBurstShots>8</ticksBetweenBurstShots>
        <burstShotCount>25</burstShotCount>
        <soundCast>VFEP_Shot_Minigun</soundCast>
        <soundCastTail>GunTail_Medium</soundCastTail>
        <muzzleFlashScale>9</muzzleFlashScale>
      </li>
    </verbs>
    <tools>
      <li>
        <label>stock</label>
        <capacities>
          <li>Blunt</li>
        </capacities>
        <power>12</power>
        <cooldownTime>4</cooldownTime>
      </li>
      <li>
        <label>barrel</label>
        <capacities>
          <li>Blunt</li>
          <li>Poke</li>
        </capacities>
        <power>12</power>
        <cooldownTime>4</cooldownTime>
      </li>
    </tools>
	<modExtensions>
		<li Class="VFECore.FloorGraphicExtension">
			<graphicData>
				<graphicClass>Graphic_Single</graphicClass>
				<texPath>Things/Item/WeaponsBoxed/WarcasketMinigun_OnFloor</texPath>
				<onGroundRandomRotateAngle>0</onGroundRandomRotateAngle>
				<drawSize>1</drawSize>
			</graphicData>
		</li>
	</modExtensions>
  </ThingDef>
  
  <ThingDef ParentName="BaseBullet">
    <defName>VFEP_Bullet_WarcasketMinigun</defName>
    <label>warcasket minigun bullet</label>
    <graphicData>
      <texPath>Things/Projectile/Bullet_Big</texPath>
      <graphicClass>Graphic_Single</graphicClass>
    </graphicData>
    <projectile>
      <damageDef>Bullet</damageDef>
      <damageAmountBase>12</damageAmountBase>
      <stoppingPower>0.5</stoppingPower>
	  <armorPenetrationBase>0.12</armorPenetrationBase>
      <speed>46</speed>
    </projectile>
  </ThingDef>
  
  <ThingDef ParentName="VFEP_BaseWarcasketGun">
    <defName>VFEP_WarcasketGun_GrenadeLauncher</defName>
    <label>warcasket grenade launcher</label>
    <description>An upscaled version of the grenade launcher designed for use by a warcasket. A straight upgrade, it fires in bursts of 3 and benefits from recoil damping for faster recovery and better range. Like all launchers though, it has a worse miss radius compared to a hand-thrown grenade.</description>
    <graphicData>
      <texPath>Things/Item/Weapons/WarcasketGrenadeLauncher</texPath>
    </graphicData>
    <soundInteract>Interact_Rifle</soundInteract>
    <statBases>
	  <MarketValue>1890</MarketValue>
      <WorkToMake>55000</WorkToMake>
      <Mass>30</Mass>
      <AccuracyTouch>0.55</AccuracyTouch>
      <AccuracyShort>0.64</AccuracyShort>
      <AccuracyMedium>0.55</AccuracyMedium>
      <AccuracyLong>0.45</AccuracyLong>
      <RangedWeapon_Cooldown>3.0</RangedWeapon_Cooldown>
    </statBases>
    <weaponTags>
	  <li>WarcasketHeavy</li>
    </weaponTags>
    <verbs>
      <li>
        <verbClass>Verb_Shoot</verbClass>
        <hasStandardCommand>true</hasStandardCommand>
        <defaultProjectile>Proj_GrenadeFrag</defaultProjectile>
        <warmupTime>1.8</warmupTime>
        <range>30.9</range>
        <noiseRadius>4</noiseRadius>
        <ai_IsBuildingDestroyer>true</ai_IsBuildingDestroyer>
        <ticksBetweenBurstShots>12</ticksBetweenBurstShots>
        <burstShotCount>3</burstShotCount>
        <targetParams>
          <canTargetLocations>true</canTargetLocations>
        </targetParams>
        <soundCast>VFEP_Shot_GrenadeLauncher</soundCast>
        <soundCastTail>GunTail_Medium</soundCastTail>
        <muzzleFlashScale>9</muzzleFlashScale>
      </li>
    </verbs>
    <tools>
      <li>
        <label>stock</label>
        <capacities>
          <li>Blunt</li>
        </capacities>
        <power>11</power>
        <cooldownTime>3</cooldownTime>
      </li>
      <li>
        <label>barrel</label>
        <capacities>
          <li>Blunt</li>
          <li>Poke</li>
        </capacities>
        <power>9</power>
        <cooldownTime>3</cooldownTime>
      </li>
    </tools>
	<modExtensions>
		<li Class="VFECore.FloorGraphicExtension">
			<graphicData>
				<graphicClass>Graphic_Single</graphicClass>
				<texPath>Things/Item/WeaponsBoxed/WarcasketGrenadeLauncher_OnFloor</texPath>
				<onGroundRandomRotateAngle>0</onGroundRandomRotateAngle>
				<drawSize>1</drawSize>
			</graphicData>
		</li>
	</modExtensions>
  </ThingDef>
  
  <ThingDef ParentName="VFEP_BaseWarcasketGun">
    <defName>VFEP_WarcasketGun_HeavyFlamer</defName>
    <label>warcasket heavy flamer</label>
    <description>An upscaled version of the heavy flamer designed for use by a warcasket. Thanks to the twin barrels and larger heat sink, it can spit out two jets of flames while also needing less time to prevent overheating.</description>
    <graphicData>
      <texPath>Things/Item/Weapons/WarcasketHeavyFlamer</texPath>
    </graphicData>
    <soundInteract>Interact_Rifle</soundInteract>
    <statBases>
	  <MarketValue>2450</MarketValue>
      <WorkToMake>55000</WorkToMake>
      <Mass>35</Mass>
      <AccuracyTouch>0.55</AccuracyTouch>
      <AccuracyShort>0.64</AccuracyShort>
      <AccuracyMedium>0.55</AccuracyMedium>
      <AccuracyLong>0.45</AccuracyLong>
      <RangedWeapon_Cooldown>7.2</RangedWeapon_Cooldown>
    </statBases>
    <weaponTags>
	  <li>WarcasketFlamer</li>
    </weaponTags>
    <verbs>
      <li>
        <verbClass>Verb_Shoot</verbClass>
        <hasStandardCommand>true</hasStandardCommand>
        <defaultProjectile>VWE_Bullet_WarcasketHeavyFlamer</defaultProjectile>
        <warmupTime>1.25</warmupTime>
        <range>19.9</range>
        <ai_AvoidFriendlyFireRadius>3</ai_AvoidFriendlyFireRadius>
        <ticksBetweenBurstShots>20</ticksBetweenBurstShots>
        <burstShotCount>2</burstShotCount>
        <targetParams>
          <canTargetLocations>true</canTargetLocations>
        </targetParams>
        <soundCast>VFEP_Shot_HeavyFlamer</soundCast>
        <soundCastTail>GunTail_Medium</soundCastTail>
        <muzzleFlashScale>9</muzzleFlashScale>
      </li>
    </verbs>
    <tools>
      <li>
        <label>stock</label>
        <capacities>
          <li>Blunt</li>
        </capacities>
        <power>11</power>
        <cooldownTime>3</cooldownTime>
      </li>
      <li>
        <label>barrel</label>
        <capacities>
          <li>Blunt</li>
          <li>Poke</li>
        </capacities>
        <power>9</power>
        <cooldownTime>3</cooldownTime>
      </li>
    </tools>
	<modExtensions>
		<li Class="VFECore.FloorGraphicExtension">
			<graphicData>
				<graphicClass>Graphic_Single</graphicClass>
				<texPath>Things/Item/WeaponsBoxed/WarcasketHeavyFlamer_OnFloor</texPath>
				<onGroundRandomRotateAngle>0</onGroundRandomRotateAngle>
				<drawSize>1</drawSize>
			</graphicData>
		</li>
	</modExtensions>
  </ThingDef>
  
	<VFECore.ExpandableProjectileDef ParentName="BaseBullet">
		<defName>VWE_Bullet_WarcasketHeavyFlamer</defName>
		<label>warcasket heavy flamer shot</label>
		<thingClass>VFECore.FlamethrowProjectile</thingClass>
		<graphicData>
			<texPath>Projectile/Proj_WarcasketHeavyFlamer</texPath>
			<texPathFadeOut>Projectile/Proj_WarcasketHeavyFlamerFadeOut</texPathFadeOut>
			<shaderType>MoteGlow</shaderType>
		</graphicData>
		<projectile>
			<damageDef>Flame</damageDef>
			<speed>45</speed>
			<damageAmountBase>12</damageAmountBase>
		</projectile>
		<drawOffscreen>true</drawOffscreen>
		<lifeTimeDuration>50</lifeTimeDuration>
		<widthScaleFactor>0.85</widthScaleFactor>
		<heightScaleFactor>1</heightScaleFactor>
		<startingPositionOffset>(0, 0, -1)</startingPositionOffset>
		<totalSizeScale>1.15</totalSizeScale>
		<tickFrameRate>2</tickFrameRate>
		<finalTickFrameRate>5</finalTickFrameRate>
		<tickDamageRate>20</tickDamageRate>
		<dealsDamageOnce>true</dealsDamageOnce>
		<minDistanceToAffect>2</minDistanceToAffect>
	</VFECore.ExpandableProjectileDef>
	
	<!--======================================================= UPDATE =======================================================-->
	
  <ThingDef ParentName="VFEP_BaseWarcasketGun">
    <defName>VFEP_WarcasketGun_ChargeLance</defName>
    <label>warcasket charge lance</label>
    <description>A terror on the battlefield, the charge lance received a massive upgrade for warcasket use. A considerably more powerful energy source gives it superior stopping power, able to fire multiple larger projectiles at a greater range with improved accuracy and penetration.</description>
    <graphicData>
      <texPath>Things/Item/Weapons/WarcasketChargeLance</texPath>
    </graphicData>
    <soundInteract>Interact_ChargeLance</soundInteract>
    <statBases>
	  <MarketValue>2250</MarketValue>
      <WorkToMake>75000</WorkToMake>
      <Mass>45</Mass>
      <AccuracyTouch>0.65</AccuracyTouch>
      <AccuracyShort>0.85</AccuracyShort>
      <AccuracyMedium>0.90</AccuracyMedium>
      <AccuracyLong>0.85</AccuracyLong>
      <RangedWeapon_Cooldown>2.7</RangedWeapon_Cooldown>
    </statBases>
    <weaponTags>
	  <li>WarcasketVeteran</li>
    </weaponTags>
    <verbs>
      <li>
        <verbClass>Verb_Shoot</verbClass>
        <hasStandardCommand>true</hasStandardCommand>
        <defaultProjectile>VFEP_Bullet_WarcasketChargeLance</defaultProjectile>
        <warmupTime>1.7</warmupTime>
        <range>39.9</range>
        <ticksBetweenBurstShots>6</ticksBetweenBurstShots>
        <burstShotCount>3</burstShotCount>
        <soundCast>ChargeLance_Fire</soundCast>
        <soundCastTail>GunTail_Heavy</soundCastTail>
        <muzzleFlashScale>9</muzzleFlashScale>
      </li>
    </verbs>
    <tools>
      <li>
        <label>stock</label>
        <capacities>
          <li>Blunt</li>
        </capacities>
        <power>9</power>
        <cooldownTime>3.5</cooldownTime>
      </li>
      <li>
        <label>barrel</label>
        <capacities>
          <li>Blunt</li>
          <li>Poke</li>
        </capacities>
        <power>11</power>
        <cooldownTime>3.5</cooldownTime>
      </li>
    </tools>
	<modExtensions>
		<li Class="VFECore.FloorGraphicExtension">
			<graphicData>
				<graphicClass>Graphic_Single</graphicClass>
				<texPath>Things/Item/WeaponsBoxed/WarcasketChargeLance_OnFloor</texPath>
				<onGroundRandomRotateAngle>0</onGroundRandomRotateAngle>
				<drawSize>1</drawSize>
			</graphicData>
		</li>
	</modExtensions>
  </ThingDef>
  
  <ThingDef ParentName="BaseBullet">
    <defName>VFEP_Bullet_WarcasketChargeLance</defName>
    <label>warcasket charge lance shot</label>
    <graphicData>
      <texPath>Things/Projectile/ChargeLanceShot</texPath>
      <graphicClass>Graphic_Single</graphicClass>
      <shaderType>TransparentPostLight</shaderType>
      <drawSize>1.5</drawSize>
    </graphicData>
    <projectile>
      <damageDef>Bullet</damageDef>
      <damageAmountBase>50</damageAmountBase>
      <stoppingPower>2</stoppingPower>
	  <armorPenetrationBase>1.0</armorPenetrationBase>
      <speed>120</speed>
    </projectile>
  </ThingDef>
  
  <!-- handheld cannon -->
  <ThingDef ParentName="VFEP_BaseWarcasketGun">
    <defName>VFEP_WarcasketGun_HandheldCannon</defName>
    <label>warcasket handheld cannon</label>
    <description>Essentially a handheld smoothbore mortar that fires explosives in an arc, able to bypass enemy fortifications. Made by those who wanted to combine ancient naval warfare with modern technology. The accuracy is abysmal but the onboard fabricator ensures that artillery fire can be provided without ever needing a resupply.</description>
    <graphicData>
      <texPath>Things/Item/Weapons/WarcasketHandheldCannon</texPath>
    </graphicData>
    <soundInteract>Interact_Rifle</soundInteract>
    <statBases>
	  <MarketValue>1350</MarketValue>
      <WorkToMake>45000</WorkToMake>
      <Mass>50</Mass>
      <AccuracyTouch>0.98</AccuracyTouch>
      <AccuracyShort>0.98</AccuracyShort>
      <AccuracyMedium>0.98</AccuracyMedium>
      <AccuracyLong>0.98</AccuracyLong>
      <RangedWeapon_Cooldown>5.3</RangedWeapon_Cooldown>
    </statBases>
    <weaponTags>
	  <li>WarcasketVeteran</li>
    </weaponTags>
    <verbs>
      <li>
        <verbClass>Verb_Shoot</verbClass>
        <hasStandardCommand>true</hasStandardCommand>
        <defaultProjectile>VFEP_Bullet_HandheldCannonCannonball</defaultProjectile>
        <warmupTime>2.2</warmupTime>
        <range>50.9</range>
        <ticksBetweenBurstShots>17</ticksBetweenBurstShots>
        <burstShotCount>1</burstShotCount>
        <soundCast>VFEP_Shot_Cannon</soundCast>
        <soundCastTail>GunTail_Heavy</soundCastTail>
        <muzzleFlashScale>16</muzzleFlashScale>
        <requireLineOfSight>true</requireLineOfSight>
        <targetParams>
          <canTargetLocations>true</canTargetLocations>
        </targetParams>
      </li>
    </verbs>
    <tools>
      <li>
        <label>stock</label>
        <capacities>
          <li>Blunt</li>
        </capacities>
        <power>9</power>
        <cooldownTime>3.5</cooldownTime>
      </li>
      <li>
        <label>barrel</label>
        <capacities>
          <li>Blunt</li>
          <li>Poke</li>
        </capacities>
        <power>11</power>
        <cooldownTime>3.5</cooldownTime>
      </li>
    </tools>
	<modExtensions>
		<li Class="VFECore.FloorGraphicExtension">
			<graphicData>
				<graphicClass>Graphic_Single</graphicClass>
				<texPath>Things/Item/WeaponsBoxed/WarcasketHandheldCannon_OnFloor</texPath>
				<onGroundRandomRotateAngle>0</onGroundRandomRotateAngle>
				<drawSize>1</drawSize>
			</graphicData>
		</li>
	</modExtensions>
  </ThingDef>
  
  <ThingDef ParentName="BaseBullet">
    <defName>VFEP_Bullet_HandheldCannonCannonball</defName>
    <label>cannonball</label>
    <graphicData>
      <texPath>Projectile/CannonballProjectile</texPath>
      <graphicClass>Graphic_Single</graphicClass>
    </graphicData>
    <thingClass>Projectile_Explosive</thingClass>
    <projectile>
      <speed>40</speed>
      <damageDef>Bomb</damageDef>
      <explosionRadius>2.9</explosionRadius>
	  <armorPenetrationBase>0.225</armorPenetrationBase>
	  <stoppingPower>0.5</stoppingPower>
	  <flyOverhead>true</flyOverhead>
      <ai_IsIncendiary>true</ai_IsIncendiary>
    </projectile>
  </ThingDef>
  
  <!-- charge blaster -->
  <ThingDef ParentName="VFEP_BaseWarcasketGun">
    <defName>VFEP_WarcasketGun_ChargeBlaster</defName>
    <label>warcasket charge blaster</label>
    <description>Essentially an upscaled charge minigun designed to be used by a warcasket. While firing fewer projectiles in each burst, the ammunition has been improved with explosive payloads. Designed as a support weapon that completely invalidates cover for the unlucky bastards on the receiving end.</description>
    <graphicData>
      <texPath>Things/Item/Weapons/WarcasketChargeBlaster</texPath>
    </graphicData>
    <soundInteract>Interact_Rifle</soundInteract>
    <statBases>
	  <MarketValue>2200</MarketValue>
      <WorkToMake>90000</WorkToMake>
      <Mass>55</Mass>
      <AccuracyTouch>0.20</AccuracyTouch>
      <AccuracyShort>0.30</AccuracyShort>
      <AccuracyMedium>0.30</AccuracyMedium>
      <AccuracyLong>0.18</AccuracyLong>
      <RangedWeapon_Cooldown>3.2</RangedWeapon_Cooldown>
    </statBases>
    <weaponTags>
	  <li>WarcasketHeavy</li>
    </weaponTags>
    <verbs>
      <li>
        <verbClass>Verb_Shoot</verbClass>
        <hasStandardCommand>true</hasStandardCommand>
        <defaultProjectile>VFEP_Bullet_WarcasketChargeBlaster</defaultProjectile>
        <warmupTime>2.8</warmupTime>
        <range>31.9</range>
        <ticksBetweenBurstShots>4</ticksBetweenBurstShots>
        <burstShotCount>24</burstShotCount>
        <soundCast>Shot_ChargeRifle</soundCast>
        <soundCastTail>GunTail_Medium</soundCastTail>
        <muzzleFlashScale>9</muzzleFlashScale>
      </li>
    </verbs>
    <tools>
      <li>
        <label>stock</label>
        <capacities>
          <li>Blunt</li>
        </capacities>
        <power>12</power>
        <cooldownTime>4</cooldownTime>
      </li>
      <li>
        <label>barrel</label>
        <capacities>
          <li>Blunt</li>
          <li>Poke</li>
        </capacities>
        <power>12</power>
        <cooldownTime>4</cooldownTime>
      </li>
    </tools>
	<modExtensions>
		<li Class="VFECore.FloorGraphicExtension">
			<graphicData>
				<graphicClass>Graphic_Single</graphicClass>
				<texPath>Things/Item/WeaponsBoxed/WarcasketChargeBlaster_OnFloor</texPath>
				<onGroundRandomRotateAngle>0</onGroundRandomRotateAngle>
				<drawSize>1</drawSize>
			</graphicData>
		</li>
	</modExtensions>
  </ThingDef>
  
  <ThingDef ParentName="BaseBullet">
    <defName>VFEP_Bullet_WarcasketChargeBlaster</defName>
    <label>warcasket charge blaster shot</label>
    <graphicData>
      <texPath>Things/Projectile/Charge_Small</texPath>
      <graphicClass>Graphic_Single</graphicClass>
    </graphicData>
    <projectile>
      <damageDef>Bomb</damageDef>
      <explosionRadius>1.9</explosionRadius>
	  <armorPenetrationBase>0.25</armorPenetrationBase>
      <damageAmountBase>8</damageAmountBase>
      <stoppingPower>1.0</stoppingPower>
      <speed>46</speed>
    </projectile>
  </ThingDef>
  
</Defs>
