<?xml version="1.0" encoding="utf-8" ?>
<Patch>

  <Operation Class="PatchOperationFindMod">
    <mods>
      <li>Vanilla Factions Expanded - Pirates</li>
    </mods>
    <match Class="PatchOperationSequence">
      <operations>

      <li Class="PatchOperationAdd">
        <xpath>/Defs/ScenarioDef[defName="VFEP_LowOrbitCrash"]/scenario/parts</xpath>
        <value>
          <li Class="ScenPart_StartingThing_Defined">
            <def>StartingThing_Defined</def>
            <thingDef>Ammo_45ACP_FMJ</thingDef>
            <count>210</count>
          </li>
          <li Class="ScenPart_StartingThing_Defined">
            <def>StartingThing_Defined</def>
            <thingDef>Ammo_6x24mmCharged</thingDef>
            <count>120</count>
          </li>              
        </value>
      </li>

      </operations>
    </match>
  </Operation>
</Patch>