<?xml version="1.0" encoding="utf-8" ?>
<Defs>

  <CultureDef>
    <defName>VFEP_Khanate</defName>
    <label>khanate</label>
    <description>A broad category describing the styles and practices of many pirate groups.</description>
    <pawnNameMaker>VFEM_NamerPersonJunker</pawnNameMaker>
    <pawnNameMakerFemale>VFEM_NamerPersonJunkerFemale</pawnNameMakerFemale>
    <ideoNameMaker MayRequire="Ludeon.RimWorld.Ideology">NamerIdeoKriminul</ideoNameMaker>
    <deityNameMaker MayRequire="Ludeon.RimWorld.Ideology">NamerDeityKriminul</deityNameMaker>
    <deityTypeMaker MayRequire="Ludeon.RimWorld.Ideology">DeityTypeMakerKriminul</deityTypeMaker>
    <leaderTitleMaker MayRequire="Ludeon.RimWorld.Ideology">LeaderTitleMaker_Kriminul</leaderTitleMaker>
    <festivalNameMaker MayRequire="Ludeon.RimWorld.Ideology">NamerFestivalKriminul</festivalNameMaker>
    <allowedPlaceTags>
      <li>OriginSpacer</li>
    </allowedPlaceTags>
    <iconPath>UI/FactionIcons/JunkersOutpost</iconPath>
    <thingStyleCategories>
      <li MayRequire="Ludeon.RimWorld.Ideology">
        <category>Spikecore</category>
        <priority>2</priority>
      </li>
    </thingStyleCategories>
    <styleItemTags>
      <li>
        <tag>Punk</tag>
        <baseWeight>1</baseWeight>
        <weightFactor>1</weightFactor>
      </li>
      <li>
        <tag>NoBeard</tag>
        <baseWeight>10</baseWeight>
        <weightFactor>1</weightFactor>
      </li>
      <li>
        <tag>BeardPunk</tag>
        <baseWeight>0.1</baseWeight>
        <weightFactor>1</weightFactor>
      </li>
      <li>
        <tag>NoTattoo</tag>
        <baseWeight>1</baseWeight>
        <weightFactor>1</weightFactor>
      </li>
      <li>
        <tag>TattooFacePunk</tag>
        <baseWeight>0.4</baseWeight>
        <weightFactor>1</weightFactor>
      </li>
      <li>
        <tag>TattooBodyPunk</tag>
        <baseWeight>0.4</baseWeight>
        <weightFactor>1</weightFactor>
      </li>

    </styleItemTags>
  </CultureDef>

</Defs>
