﻿<?xml version="1.0" encoding="utf-8" ?>
<Defs>

  <!--======== Common to various mechanoids ========-->

  <BodyPartDef>
    <defName>VFEP_MechanicalJoint</defName>
    <label>joint</label>
    <hitPoints>5</hitPoints>
    <permanentInjuryChanceFactor>0</permanentInjuryChanceFactor>
    <skinCovered>false</skinCovered>
    <solid>true</solid>
    <bleedRate>0</bleedRate>
    <alive>false</alive>
    <tags>
      <li>BreathingPathway</li>
      <li>EatingPathway</li>
      <li>TalkingPathway</li>
    </tags>
  </BodyPartDef>

  <BodyPartDef>
    <defName>VFEP_Turret</defName>
    <label>turret</label>
    <hitPoints>8</hitPoints>
    <permanentInjuryChanceFactor>0</permanentInjuryChanceFactor>
    <skinCovered>false</skinCovered>
    <solid>true</solid>
    <bleedRate>0</bleedRate>
    <alive>false</alive>
  </BodyPartDef>

  <BodyPartDef>
    <defName>VFEP_Propeller</defName>
    <label>propeller</label>
    <hitPoints>3</hitPoints>
    <permanentInjuryChanceFactor>0</permanentInjuryChanceFactor>
    <skinCovered>false</skinCovered>
    <solid>true</solid>
    <alive>false</alive>
    <bleedRate>0</bleedRate>
    <tags>
      <li>MovingLimbCore</li>
    </tags>
  </BodyPartDef>

  <BodyPartDef>
    <defName>VFEP_TurretBase</defName>
    <label>turret base</label>
    <hitPoints>10</hitPoints>
    <permanentInjuryChanceFactor>0</permanentInjuryChanceFactor>
    <skinCovered>false</skinCovered>
    <solid>true</solid>
    <alive>false</alive>
    <bleedRate>0</bleedRate>
    <tags>
      <li>ManipulationLimbCore</li>
    </tags>
  </BodyPartDef>
  
  <BodyPartDef>
    <defName>VFEP_Base</defName>
    <label>base base</label>
    <hitPoints>10</hitPoints>
    <permanentInjuryChanceFactor>0</permanentInjuryChanceFactor>
    <skinCovered>false</skinCovered>
    <solid>true</solid>
    <alive>false</alive>
    <bleedRate>0</bleedRate>
  </BodyPartDef>
  
  <BodyPartDef>
    <defName>VFEP_Frame</defName>
    <label>frame</label>
    <hitPoints>8</hitPoints>
    <permanentInjuryChanceFactor>0</permanentInjuryChanceFactor>
    <skinCovered>false</skinCovered>
    <solid>true</solid>
    <bleedRate>0</bleedRate>
    <alive>false</alive>
  </BodyPartDef>
  
  <BodyPartDef>
    <defName>VFEP_MechanicalLeg</defName>
    <label>mechanical leg</label>
    <hitPoints>5</hitPoints>
    <permanentInjuryChanceFactor>0</permanentInjuryChanceFactor>
    <skinCovered>false</skinCovered>
    <solid>true</solid>
    <alive>false</alive>
    <bleedRate>0</bleedRate>
    <tags>
      <li>MovingLimbCore</li>
    </tags>
  </BodyPartDef>
  
</Defs>
