<?xml version="1.0" encoding="UTF-8"?>
<Defs>
    
  <StorytellerDef ParentName="BaseStoryteller">
    <defName>VFEP_Casper</defName>
    <label>Casper Cursed</label>
    <description>Casper has been travelling the known space for years. He is cursed, and the best way to lift off a curse is to share it with others. He will reward you the more curses you take upon yourself.</description>
    <portraitLarge>Things/Storyteller/CasperCursed</portraitLarge>
    <portraitTiny>Things/Storyteller/CasperCursedTiny</portraitTiny>
    <listOrder>40</listOrder>
    <comps>
      <!-- Home all -->
      <li Class="StorytellerCompProperties_RandomMain">
        <allowedTargetTags>
          <li>Map_PlayerHome</li>
        </allowedTargetTags>
        <minDaysPassed>1</minDaysPassed>
        <mtbDays>1.35</mtbDays>
        <maxThreatBigIntervalDays>13</maxThreatBigIntervalDays>
        <minIncChancePopulationIntentFactor>0.2</minIncChancePopulationIntentFactor>
        <randomPointsFactorRange>0.5~1.5</randomPointsFactorRange>
        <skipThreatBigIfRaidBeacon>true</skipThreatBigIfRaidBeacon>
        <categoryWeights>
          <Misc>3.5</Misc>
          <ThreatBig>1.4</ThreatBig>
          <OrbitalVisitor>1.1</OrbitalVisitor>
          <FactionArrival>2.4</FactionArrival>
          <ThreatSmall>0.6</ThreatSmall>
          <ShipChunkDrop>0.22</ShipChunkDrop>
        </categoryWeights>
      </li>
      <li Class="StorytellerCompProperties_Disease">
        <category>DiseaseHuman</category>
        <minDaysPassed>0</minDaysPassed>
      </li>
      <li Class="StorytellerCompProperties_Disease">
        <category>DiseaseAnimal</category>
        <minDaysPassed>0</minDaysPassed>
      </li>
      <!-- Home special threats -->
      <li Class="StorytellerCompProperties_ThreatsGenerator">
        <allowedTargetTags>
          <li>Map_RaidBeacon</li>
        </allowedTargetTags>
        <parms>
          <allowedThreats>Raids</allowedThreats>
          <onDays>1.0</onDays>
          <offDays>0.5</offDays>
          <minSpacingDays>0.04</minSpacingDays>
          <numIncidentsRange>1~2</numIncidentsRange>
          <minThreatPoints>500</minThreatPoints>
        </parms>
      </li>
      <!-- Ally/neutral interaction -->
      <li Class="StorytellerCompProperties_FactionInteraction">
        <incident>RaidFriendly</incident>
        <baseIncidentsPerYear>10</baseIncidentsPerYear>
        <minSpacingDays>0.4</minSpacingDays>
        <fullAlliesOnly>true</fullAlliesOnly>
        <minDanger>High</minDanger>
      </li>
      <!-- Caravan / temp map -->
      <li Class="StorytellerCompProperties_CategoryIndividualMTBByBiome">
        <category>Misc</category>
        <allowedTargetTags>
          <li>Caravan</li>
          <li>Map_TempIncident</li>
        </allowedTargetTags>
      </li>
      <li Class="StorytellerCompProperties_CategoryIndividualMTBByBiome">
        <category>ThreatSmall</category>
        <applyCaravanVisibility>true</applyCaravanVisibility>
        <allowedTargetTags>
          <li>Caravan</li>
          <li>Map_TempIncident</li>
        </allowedTargetTags>
      </li>
      <li Class="StorytellerCompProperties_CategoryIndividualMTBByBiome">
        <category>ThreatBig</category>
        <applyCaravanVisibility>true</applyCaravanVisibility>
        <allowedTargetTags>
          <li>Caravan</li>
          <li>Map_TempIncident</li>
        </allowedTargetTags>
      </li>
      <!-- Quests - non-Royalty -->
      <li Class="StorytellerCompProperties_RandomQuest">
        <category>GiveQuest</category>
        <allowedTargetTags>
          <li>World</li>
        </allowedTargetTags>
        <onDays>10</onDays>
        <numIncidentsRange>1</numIncidentsRange>
        <acceptFractionByDaysPassedCurve>
          <points>
            <li>(8, 0)</li>
            <li>(15, 1)</li>
          </points>
        </acceptFractionByDaysPassedCurve>
        <minSpacingDays>0.2</minSpacingDays>
        <disableIfAnyModActive>
          <li>Ludeon.RimWorld.Royalty</li>
        </disableIfAnyModActive>
      </li>
      <!-- Quests - Royalty -->
      <li Class="StorytellerCompProperties_RandomQuest">
        <category>GiveQuest</category>
        <allowedTargetTags>
          <li>World</li>
        </allowedTargetTags>
        <onDays>12</onDays>
        <numIncidentsRange>1~3</numIncidentsRange>
        <acceptFractionByDaysPassedCurve>
          <points>
            <li>(8, 0)</li>
            <li>(15, 1)</li>
          </points>
        </acceptFractionByDaysPassedCurve>
        <minSpacingDays>0.2</minSpacingDays>
        <enableIfAnyModActive>
          <li>Ludeon.RimWorld.Royalty</li>
        </enableIfAnyModActive>
      </li>
      <!-- World misc incidents-->
      <li Class="StorytellerCompProperties_CategoryMTB">
        <category>Misc</category>
        <allowedTargetTags>
          <li>World</li>
        </allowedTargetTags>
        <minDaysPassed>1</minDaysPassed>
        <mtbDays>15</mtbDays>
      </li>
      <!-- Triggered -->
      <li Class="StorytellerCompProperties_Triggered">
        <incident>StrangerInBlackJoin</incident>
        <delayTicks>180</delayTicks>
      </li>

      <li Class="VFEPirates.StorytellerCompProperties_Cursed" />
    </comps>
  </StorytellerDef>
</Defs>