<?xml version="1.0" encoding="utf-8" ?>
<Patch>

	<Operation Class="PatchOperationFindMod">
		<mods>
			<li>Vanilla Factions Expanded - Pirates</li>
		</mods>
		<match Class="PatchOperationSequence">
		<operations>

		<!-- ========== Remove Warcasket Flammability ========== -->
		<li Class="PatchOperationReplace">
			<xpath>/Defs/VFEPirates.WarcasketDef[@Name="VFEP_WarcasketPartBase"]/statBases/Flammability</xpath>
			<value>
				<Flammability>0.25</Flammability>
			</value>
		</li>

		<!-- ========== Basic Warcasket ========== -->
		<li Class="PatchOperationAdd">
			<xpath>/Defs/VFEPirates.WarcasketDef[defName="VFEP_Warcasket_Warcasket"]/statBases</xpath>
			<value>
				<Bulk>200</Bulk>
				<WornBulk>20</WornBulk>
			</value>
		</li>

		<li Class="PatchOperationReplace">
			<xpath>/Defs/VFEPirates.WarcasketDef[defName="VFEP_Warcasket_Warcasket"]/statBases/ArmorRating_Sharp</xpath>
			<value>
				<ArmorRating_Sharp>16</ArmorRating_Sharp>
			</value>
		</li>

		<!--2.5x sharp-->
		<li Class="PatchOperationReplace">
			<xpath>/Defs/VFEPirates.WarcasketDef[defName="VFEP_Warcasket_Warcasket"]/statBases/ArmorRating_Blunt</xpath>
			<value>
				<ArmorRating_Blunt>38</ArmorRating_Blunt>
			</value>
		</li>

		<li Class="PatchOperationAdd">
			<xpath>/Defs/VFEPirates.WarcasketDef[defName="VFEP_Warcasket_Warcasket"]/equippedStatOffsets</xpath>
			<value>
			    <CarryingCapacity>75</CarryingCapacity>
				<CarryWeight>250</CarryWeight>
				<CarryBulk>200</CarryBulk>
				<Suppressability>-100</Suppressability>
			</value>
		</li>

		<!-- ========== Basic Warcasket - Shoulders ========== -->
		<li Class="PatchOperationAdd">
			<xpath>/Defs/VFEPirates.WarcasketDef[defName="VFEP_WarcasketShoulders_Warcasket"]/statBases</xpath>
			<value>
				<Bulk>15</Bulk>
				<WornBulk>5</WornBulk>
			</value>
		</li>
			
		<li Class="PatchOperationReplace">
			<xpath>/Defs/VFEPirates.WarcasketDef[defName="VFEP_WarcasketShoulders_Warcasket"]/statBases/ArmorRating_Sharp</xpath>
			<value>
				<ArmorRating_Sharp>16</ArmorRating_Sharp>
			</value>
		</li>

		<li Class="PatchOperationReplace">
			<xpath>/Defs/VFEPirates.WarcasketDef[defName="VFEP_WarcasketShoulders_Warcasket"]/statBases/ArmorRating_Blunt</xpath>
			<value>
				<ArmorRating_Blunt>38</ArmorRating_Blunt>
			</value>
		</li>

		<!-- === Basic Warcasket Helmet === -->
		<li Class="PatchOperationAdd">
			<xpath>/Defs/VFEPirates.WarcasketDef[defName="VFEP_WarcasketHelmet_Warcasket"]/statBases</xpath>
			<value>
				<Bulk>10</Bulk>
				<WornBulk>5</WornBulk>
			</value>
		</li>
	
		<li Class="PatchOperationAdd">
			<xpath>/Defs/VFEPirates.WarcasketDef[defName="VFEP_WarcasketHelmet_Warcasket"]/equippedStatOffsets</xpath>
			<value>
				<SmokeSensitivity>-1</SmokeSensitivity>
			</value>
		</li>

		<!-- Proportionally a bit better armor because assumed better neck suport allows for heavier-->
		<li Class="PatchOperationReplace">
			<xpath>/Defs/VFEPirates.WarcasketDef[defName="VFEP_WarcasketHelmet_Warcasket"]/statBases/ArmorRating_Sharp</xpath>
			<value>
				<ArmorRating_Sharp>14</ArmorRating_Sharp>
			</value>
		</li>

			<!--2.25x sharp-->
		<li Class="PatchOperationReplace">
			<xpath>/Defs/VFEPirates.WarcasketDef[defName="VFEP_WarcasketHelmet_Warcasket"]/statBases/ArmorRating_Blunt</xpath>
			<value>
				<ArmorRating_Blunt>32</ArmorRating_Blunt>
			</value>
		</li>

		<!-- ========== Marine Warcasket ========== -->
		<li Class="PatchOperationAdd">
			<xpath>/Defs/VFEPirates.WarcasketDef[defName="VFEP_Warcasket_Marine"]/statBases</xpath>
			<value>
				<Bulk>200</Bulk>
				<WornBulk>20</WornBulk>
			</value>
		</li>

		<li Class="PatchOperationReplace">
			<xpath>/Defs/VFEPirates.WarcasketDef[defName="VFEP_Warcasket_Marine"]/statBases/ArmorRating_Sharp</xpath>
			<value>
				<ArmorRating_Sharp>20</ArmorRating_Sharp>
			</value>
		</li>

				
		<li Class="PatchOperationReplace">
			<xpath>/Defs/VFEPirates.WarcasketDef[defName="VFEP_Warcasket_Marine"]/statBases/ArmorRating_Blunt</xpath>
			<value>
				<ArmorRating_Blunt>45</ArmorRating_Blunt>
			</value>
		</li>

		<li Class="PatchOperationAdd">
			<xpath>/Defs/VFEPirates.WarcasketDef[defName="VFEP_Warcasket_Marine"]/equippedStatOffsets</xpath>
			<value>
			    <CarryingCapacity>75</CarryingCapacity>
				<CarryWeight>250</CarryWeight>
				<CarryBulk>200</CarryBulk>
				<Suppressability>-100</Suppressability>
			</value>
		</li>

		<!-- ========== Marine Warcasket - Shoulders ========== -->
		<li Class="PatchOperationAdd">
			<xpath>/Defs/VFEPirates.WarcasketDef[defName="VFEP_WarcasketShoulders_Marine"]/statBases</xpath>
			<value>
				<Bulk>15</Bulk>
				<WornBulk>5</WornBulk>
			</value>
		</li>

		<li Class="PatchOperationReplace">
			<xpath>/Defs/VFEPirates.WarcasketDef[defName="VFEP_WarcasketShoulders_Marine"]/statBases/ArmorRating_Sharp</xpath>
			<value>
				<ArmorRating_Sharp>20</ArmorRating_Sharp>
			</value>
		</li>

		<li Class="PatchOperationReplace">
			<xpath>/Defs/VFEPirates.WarcasketDef[defName="VFEP_WarcasketShoulders_Marine"]/statBases/ArmorRating_Blunt</xpath>
			<value>
				<ArmorRating_Blunt>45</ArmorRating_Blunt>
			</value>
		</li>

		<!-- === Marine Warcasket Helmet === -->
		<li Class="PatchOperationAdd">
			<xpath>/Defs/VFEPirates.WarcasketDef[defName="VFEP_WarcasketHelmet_Marine"]/statBases</xpath>
			<value>
			  <Bulk>10</Bulk>
			  <WornBulk>5</WornBulk>
			  <NightVisionEfficiency_Apparel>0.5</NightVisionEfficiency_Apparel>
			</value>
		</li>
  
		<li Class="PatchOperationAdd">
			<xpath>/Defs/VFEPirates.WarcasketDef[defName="VFEP_WarcasketHelmet_Marine"]/equippedStatOffsets</xpath>
			<value>
			  <SmokeSensitivity>-1</SmokeSensitivity>
			</value>
		</li>

		<!-- Armor values scaled by vanilla stat ratios compared to basic warcasket helmet [e.g (1.20/1.06)*16 = ~18 ]. -->
		<li Class="PatchOperationReplace">
			<xpath>/Defs/VFEPirates.WarcasketDef[defName="VFEP_WarcasketHelmet_Marine"]/statBases/ArmorRating_Sharp</xpath>
			<value>
				<ArmorRating_Sharp>18</ArmorRating_Sharp>
			</value>
		</li>
  
		<li Class="PatchOperationReplace">
			<xpath>/Defs/VFEPirates.WarcasketDef[defName="VFEP_WarcasketHelmet_Marine"]/statBases/ArmorRating_Blunt</xpath>
			<value>
				<ArmorRating_Blunt>40</ArmorRating_Blunt>
			</value>
		</li>

		<!-- ========== Recon Warcasket ========== -->
		<li Class="PatchOperationAdd">
			<xpath>/Defs/VFEPirates.WarcasketDef[defName="VFEP_Warcasket_Recon"]/statBases</xpath>
			<value>
				<Bulk>175</Bulk>
				<WornBulk>15</WornBulk>
			</value>
		</li>

		<li Class="PatchOperationReplace">
			<xpath>/Defs/VFEPirates.WarcasketDef[defName="VFEP_Warcasket_Recon"]/statBases/ArmorRating_Sharp</xpath>
			<value>
				<ArmorRating_Sharp>18.5</ArmorRating_Sharp>
			</value>
		</li>

		<li Class="PatchOperationReplace">
			<xpath>/Defs/VFEPirates.WarcasketDef[defName="VFEP_Warcasket_Recon"]/statBases/ArmorRating_Blunt</xpath>
			<value>
				<ArmorRating_Blunt>46</ArmorRating_Blunt>
			</value>
		</li>

		<li Class="PatchOperationAdd">
			<xpath>/Defs/VFEPirates.WarcasketDef[defName="VFEP_Warcasket_Recon"]/equippedStatOffsets</xpath>
			<value>
			    <CarryingCapacity>75</CarryingCapacity>
				<CarryWeight>225</CarryWeight>
				<CarryBulk>175</CarryBulk>
				<Suppressability>-100</Suppressability>
			</value>
		</li>

		<!-- ========== Recon Warcasket - Shoulders ========== -->
		<li Class="PatchOperationAdd">
			<xpath>/Defs/VFEPirates.WarcasketDef[defName="VFEP_WarcasketShoulders_Recon"]/statBases</xpath>
			<value>
				<Bulk>12</Bulk>
				<WornBulk>3</WornBulk>
			</value>
		</li>

		<li Class="PatchOperationReplace">
			<xpath>/Defs/VFEPirates.WarcasketDef[defName="VFEP_WarcasketShoulders_Recon"]/statBases/ArmorRating_Sharp</xpath>
			<value>
				<ArmorRating_Sharp>18.5</ArmorRating_Sharp>
			</value>
		</li>

		<li Class="PatchOperationReplace">
			<xpath>/Defs/VFEPirates.WarcasketDef[defName="VFEP_WarcasketShoulders_Recon"]/statBases/ArmorRating_Blunt</xpath>
			<value>
				<ArmorRating_Blunt>46</ArmorRating_Blunt>
			</value>
		</li>

		<!-- === Recon Warcasket Helmet === -->
		<li Class="PatchOperationAdd">
			<xpath>/Defs/VFEPirates.WarcasketDef[defName="VFEP_WarcasketHelmet_Recon"]/statBases</xpath>
			<value>
				<Bulk>8</Bulk>
				<WornBulk>4</WornBulk>
				<NightVisionEfficiency_Apparel>0.65</NightVisionEfficiency_Apparel>
			</value>
		</li>
  
		<li Class="PatchOperationAdd">
			<xpath>/Defs/VFEPirates.WarcasketDef[defName="VFEP_WarcasketHelmet_Recon"]/equippedStatOffsets</xpath>
			<value>
				<SmokeSensitivity>-1</SmokeSensitivity>
			</value>
		</li>
  
		<li Class="PatchOperationReplace">
			<xpath>/Defs/VFEPirates.WarcasketDef[defName="VFEP_WarcasketHelmet_Recon"]/statBases/ArmorRating_Sharp</xpath>
			<value>
				<ArmorRating_Sharp>16.5</ArmorRating_Sharp>
			</value>
		</li>
  
		<li Class="PatchOperationReplace">
			<xpath>/Defs/VFEPirates.WarcasketDef[defName="VFEP_WarcasketHelmet_Recon"]/statBases/ArmorRating_Blunt</xpath>
			<value>
				<ArmorRating_Blunt>37</ArmorRating_Blunt>
			</value>
		</li>

		<!-- ========== Cataphract Warcasket ========== -->
		<li Class="PatchOperationAdd">
			<xpath>/Defs/VFEPirates.WarcasketDef[defName="VFEP_Warcasket_Cataphract"]/statBases</xpath>
			<value>
				<Bulk>250</Bulk>
				<WornBulk>25</WornBulk>
			</value>
		</li>

		<li Class="PatchOperationReplace">
			<xpath>/Defs/VFEPirates.WarcasketDef[defName="VFEP_Warcasket_Cataphract"]/statBases/ArmorRating_Sharp</xpath>
			<value>
				<ArmorRating_Sharp>24</ArmorRating_Sharp>
			</value>
		</li>

		<li Class="PatchOperationReplace">
			<xpath>/Defs/VFEPirates.WarcasketDef[defName="VFEP_Warcasket_Cataphract"]/statBases/ArmorRating_Blunt</xpath>
			<value>
				<ArmorRating_Blunt>55</ArmorRating_Blunt>
			</value>
		</li>

		<li Class="PatchOperationAdd">
			<xpath>/Defs/VFEPirates.WarcasketDef[defName="VFEP_Warcasket_Cataphract"]/equippedStatOffsets</xpath>
			<value>
			    <CarryingCapacity>75</CarryingCapacity>
				<CarryWeight>250</CarryWeight>
				<CarryBulk>200</CarryBulk>
				<Suppressability>-100</Suppressability>
			</value>
		</li>

		<!-- ========== Cataphract Warcasket - Shoulders ========== -->
		<li Class="PatchOperationAdd">
			<xpath>/Defs/VFEPirates.WarcasketDef[defName="VFEP_WarcasketShoulders_Cataphract"]/statBases</xpath>
			<value>
				<Bulk>15</Bulk>
				<WornBulk>5</WornBulk>
			</value>
		</li>

		<li Class="PatchOperationReplace">
			<xpath>/Defs/VFEPirates.WarcasketDef[defName="VFEP_WarcasketShoulders_Cataphract"]/statBases/ArmorRating_Sharp</xpath>
			<value>
				<ArmorRating_Sharp>24</ArmorRating_Sharp>
			</value>
		</li>

		<li Class="PatchOperationReplace">
			<xpath>/Defs/VFEPirates.WarcasketDef[defName="VFEP_WarcasketShoulders_Cataphract"]/statBases/ArmorRating_Blunt</xpath>
			<value>
				<ArmorRating_Blunt>55</ArmorRating_Blunt>
			</value>
		</li>

		<!-- === Cataphract Warcasket Helmet === -->
		<li Class="PatchOperationAdd">
			<xpath>/Defs/VFEPirates.WarcasketDef[defName="VFEP_WarcasketHelmet_Cataphract"]/statBases</xpath>
			<value>
				<Bulk>15</Bulk>
				<WornBulk>8</WornBulk>
				<NightVisionEfficiency_Apparel>0.6</NightVisionEfficiency_Apparel>
			</value>
		</li>
  
		<li Class="PatchOperationAdd">
			<xpath>/Defs/VFEPirates.WarcasketDef[defName="VFEP_WarcasketHelmet_Cataphract"]/equippedStatOffsets</xpath>
			<value>
				<SmokeSensitivity>-1</SmokeSensitivity>
			</value>
		</li>
  
		<li Class="PatchOperationReplace">
			<xpath>/Defs/VFEPirates.WarcasketDef[defName="VFEP_WarcasketHelmet_Cataphract"]/statBases/ArmorRating_Sharp</xpath>
			<value>
				<ArmorRating_Sharp>20</ArmorRating_Sharp>
			</value>
		</li>
  
		<li Class="PatchOperationReplace">
			<xpath>/Defs/VFEPirates.WarcasketDef[defName="VFEP_WarcasketHelmet_Cataphract"]/statBases/ArmorRating_Blunt</xpath>
			<value>
				<ArmorRating_Blunt>48</ArmorRating_Blunt>
			</value>
		</li>

		<!-- ========== Aerial Warcasket ========== -->
		<li Class="PatchOperationAdd">
			<xpath>/Defs/VFEPirates.WarcasketDef[defName="VFEP_Warcasket_Aerial"]/statBases</xpath>
			<value>
				<Bulk>250</Bulk>
				<WornBulk>25</WornBulk>
			</value>
		</li>

		<li Class="PatchOperationReplace">
			<xpath>/Defs/VFEPirates.WarcasketDef[defName="VFEP_Warcasket_Aerial"]/statBases/ArmorRating_Sharp</xpath>
			<value>
				<ArmorRating_Sharp>24</ArmorRating_Sharp>
			</value>
		</li>

		<li Class="PatchOperationReplace">
			<xpath>/Defs/VFEPirates.WarcasketDef[defName="VFEP_Warcasket_Aerial"]/statBases/ArmorRating_Blunt</xpath>
			<value>
				<ArmorRating_Blunt>55</ArmorRating_Blunt>
			</value>
		</li>

		<li Class="PatchOperationAdd">
			<xpath>/Defs/VFEPirates.WarcasketDef[defName="VFEP_Warcasket_Aerial"]/equippedStatOffsets</xpath>
			<value>
			    <CarryingCapacity>75</CarryingCapacity>
				<CarryWeight>250</CarryWeight>
				<CarryBulk>200</CarryBulk>
				<Suppressability>-100</Suppressability>
			</value>
		</li>

		<!-- ========== Aerial Warcasket - Shoulders ========== -->
		<li Class="PatchOperationAdd">
			<xpath>/Defs/VFEPirates.WarcasketDef[defName="VFEP_WarcasketShoulders_Aerial"]/statBases</xpath>
			<value>
				<Bulk>15</Bulk>
				<WornBulk>5</WornBulk>
			</value>
		</li>

		<li Class="PatchOperationReplace">
			<xpath>/Defs/VFEPirates.WarcasketDef[defName="VFEP_WarcasketShoulders_Aerial"]/statBases/ArmorRating_Sharp</xpath>
			<value>
				<ArmorRating_Sharp>24</ArmorRating_Sharp>
			</value>
		</li>

		<li Class="PatchOperationReplace">
			<xpath>/Defs/VFEPirates.WarcasketDef[defName="VFEP_WarcasketShoulders_Aerial"]/statBases/ArmorRating_Blunt</xpath>
			<value>
				<ArmorRating_Blunt>55</ArmorRating_Blunt>
			</value>
		</li>

		<!-- === Aerial Warcasket Helmet === -->
		<li Class="PatchOperationAdd">
			<xpath>/Defs/VFEPirates.WarcasketDef[defName="VFEP_WarcasketHelmet_Aerial"]/statBases</xpath>
			<value>
				<Bulk>15</Bulk>
				<WornBulk>8</WornBulk>
				<NightVisionEfficiency_Apparel>0.5</NightVisionEfficiency_Apparel>
			</value>
		</li>
  
		<li Class="PatchOperationAdd">
			<xpath>/Defs/VFEPirates.WarcasketDef[defName="VFEP_WarcasketHelmet_Aerial"]/equippedStatOffsets</xpath>
			<value>
				<SmokeSensitivity>-1</SmokeSensitivity>
			</value>
		</li>
  
		<li Class="PatchOperationReplace">
			<xpath>/Defs/VFEPirates.WarcasketDef[defName="VFEP_WarcasketHelmet_Aerial"]/statBases/ArmorRating_Sharp</xpath>
			<value>
				<ArmorRating_Sharp>20</ArmorRating_Sharp>
			</value>
		</li>
  
		<li Class="PatchOperationReplace">
			<xpath>/Defs/VFEPirates.WarcasketDef[defName="VFEP_WarcasketHelmet_Aerial"]/statBases/ArmorRating_Blunt</xpath>
			<value>
				<ArmorRating_Blunt>40</ArmorRating_Blunt>
			</value>
		</li>

		<!-- ========== 火力型战棺 ========== -->
		<li Class="PatchOperationAdd">
			<xpath>/Defs/VFEPirates.WarcasketDef[defName="VFEP_Warcasket_Barrage"]/statBases</xpath>
			<value>
				<Bulk>275</Bulk>
				<WornBulk>35</WornBulk>
			</value>
		</li>

		<li Class="PatchOperationReplace">
			<xpath>/Defs/VFEPirates.WarcasketDef[defName="VFEP_Warcasket_Barrage"]/statBases/ArmorRating_Sharp</xpath>
			<value>
				<ArmorRating_Sharp>28</ArmorRating_Sharp>
			</value>
		</li>

		<li Class="PatchOperationReplace">
			<xpath>/Defs/VFEPirates.WarcasketDef[defName="VFEP_Warcasket_Barrage"]/statBases/ArmorRating_Blunt</xpath>
			<value>
				<ArmorRating_Blunt>70</ArmorRating_Blunt>
			</value>
		</li>

		<li Class="PatchOperationAdd">
			<xpath>/Defs/VFEPirates.WarcasketDef[defName="VFEP_Warcasket_Barrage"]/equippedStatOffsets</xpath>
			<value>
			    <CarryingCapacity>75</CarryingCapacity>
				<CarryWeight>250</CarryWeight>
				<CarryBulk>225</CarryBulk>
				<Suppressability>-100</Suppressability>
			</value>
		</li>

		<!-- ========== Barrage Warcasket - Shoulders ========== -->

		<li Class="PatchOperationAdd">
			<xpath>/Defs/VFEPirates.WarcasketDef[defName="VFEP_WarcasketShoulders_Barrage"]/statBases</xpath>
			<value>
				<Bulk>15</Bulk>
				<WornBulk>5</WornBulk>
			</value>
		</li>

		<li Class="PatchOperationReplace">
			<xpath>/Defs/VFEPirates.WarcasketDef[defName="VFEP_WarcasketShoulders_Barrage"]/statBases/ArmorRating_Sharp</xpath>
			<value>
				<ArmorRating_Sharp>28</ArmorRating_Sharp>
			</value>
		</li>

		<li Class="PatchOperationReplace">
			<xpath>/Defs/VFEPirates.WarcasketDef[defName="VFEP_WarcasketShoulders_Barrage"]/statBases/ArmorRating_Blunt</xpath>
			<value>
				<ArmorRating_Blunt>70</ArmorRating_Blunt>
			</value>
		</li>

		<li Class="PatchOperationReplace">
			<xpath>/Defs/VFEPirates.WarcasketDef[defName="VFEP_WarcasketShoulders_Barrage"]/verbs</xpath>
			<value>
				<verbs>
					<li Class="CombatExtended.VerbPropertiesCE">
						<label>grenade barrage</label>
						<verbClass>CombatExtended.Verb_LaunchProjectileStaticCE</verbClass>
						<hasStandardCommand>true</hasStandardCommand>
						<onlyManualCast>True</onlyManualCast>
						<warmupTime>0.6</warmupTime>
						<range>40</range>
						<minRange>5</minRange>
						<ai_IsBuildingDestroyer>true</ai_IsBuildingDestroyer>
						<soundCast>Shot_IncendiaryLauncher</soundCast>
						<soundCastTail>GunTail_Medium</soundCastTail>
						<muzzleFlashScale>14</muzzleFlashScale>
						<drawHighlightWithLineOfSight>true</drawHighlightWithLineOfSight>
						<targetParams>
							<canTargetLocations>true</canTargetLocations>
						</targetParams>
						<ignorePartialLoSBlocker>true</ignorePartialLoSBlocker>
						<defaultProjectile>Bullet_40x46mmGrenade_HE</defaultProjectile>
						<rangedFireRulepack>Combat_RangedFire_Thrown</rangedFireRulepack>
					</li>
				</verbs>
			</value>
		</li>

		<li Class="PatchOperationReplace">
			<xpath>/Defs/VFEPirates.WarcasketDef[defName="VFEP_WarcasketShoulders_Barrage"]/comps/li[@Class="CompProperties_Reloadable"]/ammoDef</xpath>
			<value>
				<ammoDef>Ammo_40x46mmGrenade_HE</ammoDef>
			</value>
		</li>

		<li Class="PatchOperationReplace">
			<xpath>/Defs/VFEPirates.WarcasketDef[defName="VFEP_WarcasketShoulders_Barrage"]/comps/li[@Class="CompProperties_Reloadable"]/ammoCountPerCharge</xpath>
			<value>
				<ammoCountPerCharge>1</ammoCountPerCharge>
			</value>
		</li>
		<li Class="PatchOperationReplace">
			<xpath>/Defs/VFEPirates.WarcasketDef[defName="VFEP_WarcasketShoulders_Barrage"]/comps/li[@Class="CompProperties_Reloadable"]/maxCharges</xpath>
			<value>
				<maxCharges>6</maxCharges>
			</value>
		</li>

		<!-- === Barrage Warcasket Helmet === -->
		<li Class="PatchOperationAdd">
			<xpath>/Defs/VFEPirates.WarcasketDef[defName="VFEP_WarcasketHelmet_Barrage"]/statBases</xpath>
			<value>
				<Bulk>20</Bulk>
				<WornBulk>10</WornBulk>
				<NightVisionEfficiency_Apparel>0.5</NightVisionEfficiency_Apparel>
			</value>
		</li>

		<li Class="PatchOperationAdd">
			<xpath>/Defs/VFEPirates.WarcasketDef[defName="VFEP_WarcasketHelmet_Barrage"]/equippedStatOffsets</xpath>
			<value>
				<SmokeSensitivity>-1</SmokeSensitivity>
			</value>
		</li>

		<li Class="PatchOperationReplace">
			<xpath>/Defs/VFEPirates.WarcasketDef[defName="VFEP_WarcasketHelmet_Barrage"]/statBases/ArmorRating_Sharp</xpath>
			<value>
				<ArmorRating_Sharp>24</ArmorRating_Sharp>
			</value>
		</li>

		<li Class="PatchOperationReplace">
			<xpath>/Defs/VFEPirates.WarcasketDef[defName="VFEP_WarcasketHelmet_Barrage"]/statBases/ArmorRating_Blunt</xpath>
			<value>
				<ArmorRating_Blunt>55</ArmorRating_Blunt>
			</value>
		</li>

		<!-- ========== Hazard Warcasket ========== -->
		<li Class="PatchOperationAdd">
			<xpath>/Defs/VFEPirates.WarcasketDef[defName="VFEP_Warcasket_Hazard"]/statBases</xpath>
			<value>
				<Bulk>200</Bulk>
				<WornBulk>20</WornBulk>
			</value>
		</li>

		<li Class="PatchOperationReplace">
			<xpath>/Defs/VFEPirates.WarcasketDef[defName="VFEP_Warcasket_Hazard"]/statBases/ArmorRating_Sharp</xpath>
			<value>
				<ArmorRating_Sharp>20</ArmorRating_Sharp>
			</value>
		</li>

		<li Class="PatchOperationReplace">
			<xpath>/Defs/VFEPirates.WarcasketDef[defName="VFEP_Warcasket_Hazard"]/statBases/ArmorRating_Blunt</xpath>
			<value>
				<ArmorRating_Blunt>50</ArmorRating_Blunt>
				<ArmorRating_Electric>1</ArmorRating_Electric>
			</value>
		</li>

		<li Class="PatchOperationAdd">
			<xpath>/Defs/VFEPirates.WarcasketDef[defName="VFEP_Warcasket_Hazard"]/equippedStatOffsets</xpath>
			<value>
			    <CarryingCapacity>75</CarryingCapacity>
				<CarryWeight>250</CarryWeight>
				<CarryBulk>200</CarryBulk>
				<Suppressability>-100</Suppressability>
			</value>
		</li>

		<!-- ========== Hazard Warcasket - Shoulders ========== -->
		<li Class="PatchOperationAdd">
			<xpath>/Defs/VFEPirates.WarcasketDef[defName="VFEP_WarcasketShoulders_Hazard"]/statBases</xpath>
			<value>
				<Bulk>15</Bulk>
				<WornBulk>5</WornBulk>
			</value>
		</li>

		<li Class="PatchOperationReplace">
			<xpath>/Defs/VFEPirates.WarcasketDef[defName="VFEP_WarcasketShoulders_Hazard"]/statBases/ArmorRating_Sharp</xpath>
			<value>
				<ArmorRating_Sharp>20</ArmorRating_Sharp>
			</value>
		</li>

		<li Class="PatchOperationReplace">
			<xpath>/Defs/VFEPirates.WarcasketDef[defName="VFEP_WarcasketShoulders_Hazard"]/statBases/ArmorRating_Blunt</xpath>
			<value>
				<ArmorRating_Blunt>50</ArmorRating_Blunt>
				<ArmorRating_Electric>1</ArmorRating_Electric>
			</value>
		</li>

		<!-- === Hazard Warcasket Helmet === -->
		<li Class="PatchOperationAdd">
			<xpath>/Defs/VFEPirates.WarcasketDef[defName="VFEP_WarcasketHelmet_Hazard"]/statBases</xpath>
			<value>
				<Bulk>10</Bulk>
				<WornBulk>5</WornBulk>
				<NightVisionEfficiency_Apparel>0.5</NightVisionEfficiency_Apparel>
			</value>
		</li>

		<li Class="PatchOperationAdd">
			<xpath>/Defs/VFEPirates.WarcasketDef[defName="VFEP_WarcasketHelmet_Hazard"]/equippedStatOffsets</xpath>
			<value>
				<SmokeSensitivity>-1</SmokeSensitivity>
			</value>
		</li>

		<li Class="PatchOperationReplace">
			<xpath>/Defs/VFEPirates.WarcasketDef[defName="VFEP_WarcasketHelmet_Hazard"]/statBases/ArmorRating_Sharp</xpath>
			<value>
				<ArmorRating_Sharp>18</ArmorRating_Sharp>
			</value>
		</li>

		<li Class="PatchOperationReplace">
			<xpath>/Defs/VFEPirates.WarcasketDef[defName="VFEP_WarcasketHelmet_Hazard"]/statBases/ArmorRating_Blunt</xpath>
			<value>
				<ArmorRating_Blunt>40</ArmorRating_Blunt>
				<ArmorRating_Electric>1</ArmorRating_Electric>
			</value>
		</li>

		<!-- ==========强袭 Shock Warcasket ========== -->
		<li Class="PatchOperationAdd">
			<xpath>/Defs/VFEPirates.WarcasketDef[defName="VFEP_Warcasket_Shock"]/statBases</xpath>
			<value>
				<Bulk>250</Bulk>
				<WornBulk>25</WornBulk>
			</value>
		</li>

		<li Class="PatchOperationReplace">
			<xpath>/Defs/VFEPirates.WarcasketDef[defName="VFEP_Warcasket_Shock"]/statBases/ArmorRating_Sharp</xpath>
			<value>
				<ArmorRating_Sharp>28</ArmorRating_Sharp>
			</value>
		</li>

		<li Class="PatchOperationReplace">
			<xpath>/Defs/VFEPirates.WarcasketDef[defName="VFEP_Warcasket_Shock"]/statBases/ArmorRating_Blunt</xpath>
			<value>
				<ArmorRating_Blunt>70</ArmorRating_Blunt>
			</value>
		</li>

		<li Class="PatchOperationAdd">
			<xpath>/Defs/VFEPirates.WarcasketDef[defName="VFEP_Warcasket_Shock"]/equippedStatOffsets</xpath>
			<value>
			    <CarryingCapacity>75</CarryingCapacity>
				<CarryWeight>250</CarryWeight>
				<CarryBulk>200</CarryBulk>
				<Suppressability>-100</Suppressability>
			</value>
		</li>

		<!-- ========== Shock Warcasket - Shoulders ========== -->
		<li Class="PatchOperationAdd">
			<xpath>/Defs/VFEPirates.WarcasketDef[defName="VFEP_WarcasketShoulders_Shock"]/statBases</xpath>
			<value>
				<Bulk>15</Bulk>
				<WornBulk>5</WornBulk>
			</value>
		</li>

		<li Class="PatchOperationReplace">
			<xpath>/Defs/VFEPirates.WarcasketDef[defName="VFEP_WarcasketShoulders_Shock"]/statBases/ArmorRating_Sharp</xpath>
			<value>
				<ArmorRating_Sharp>28</ArmorRating_Sharp>
			</value>
		</li>

		<li Class="PatchOperationReplace">
			<xpath>/Defs/VFEPirates.WarcasketDef[defName="VFEP_WarcasketShoulders_Shock"]/statBases/ArmorRating_Blunt</xpath>
			<value>
				<ArmorRating_Blunt>70</ArmorRating_Blunt>
			</value>
		</li>

		<!-- === Shock Warcasket Helmet === -->
		<li Class="PatchOperationAdd">
			<xpath>/Defs/VFEPirates.WarcasketDef[defName="VFEP_WarcasketHelmet_Shock"]/statBases</xpath>
			<value>
				<Bulk>15</Bulk>
				<WornBulk>8</WornBulk>
				<NightVisionEfficiency_Apparel>0.5</NightVisionEfficiency_Apparel>
			</value>
		</li>
  
		<li Class="PatchOperationAdd">
			<xpath>/Defs/VFEPirates.WarcasketDef[defName="VFEP_WarcasketHelmet_Shock"]/equippedStatOffsets</xpath>
			<value>
				<SmokeSensitivity>-1</SmokeSensitivity>
			</value>
		</li>
  
		<li Class="PatchOperationReplace">
			<xpath>/Defs/VFEPirates.WarcasketDef[defName="VFEP_WarcasketHelmet_Shock"]/statBases/ArmorRating_Sharp</xpath>
			<value>
				<ArmorRating_Sharp>25</ArmorRating_Sharp>
			</value>
		</li>
  
		<li Class="PatchOperationReplace">
			<xpath>/Defs/VFEPirates.WarcasketDef[defName="VFEP_WarcasketHelmet_Shock"]/statBases/ArmorRating_Blunt</xpath>
			<value>
				<ArmorRating_Blunt>56</ArmorRating_Blunt>
			</value>
		</li>

		</operations>
		</match>
	</Operation>
</Patch>
