<?xml version="1.0" encoding="utf-8" ?>
<Patch>

	<Operation Class="PatchOperationFindMod">
		<mods>
			<li>Vanilla Factions Expanded - Pirates</li>
		</mods>
		<match Class="PatchOperationSequence">
		<operations>

		<!-- ========== 破袭 Siegebreaker Warcasket ========== -->
		<li Class="PatchOperationAdd">
			<xpath>/Defs/VFEPirates.WarcasketDef[defName="VFEP_Warcasket_Siegebreaker"]/statBases</xpath>
			<value>
				<Bulk>275</Bulk>
				<WornBulk>35</WornBulk>
			</value>
		</li>

		<li Class="PatchOperationReplace">
			<xpath>/Defs/VFEPirates.WarcasketDef[defName="VFEP_Warcasket_Siegebreaker"]/statBases/ArmorRating_Sharp</xpath>
			<value>
				<ArmorRating_Sharp>30</ArmorRating_Sharp>
			</value>
		</li>

		<li Class="PatchOperationReplace">
			<xpath>/Defs/VFEPirates.WarcasketDef[defName="VFEP_Warcasket_Siegebreaker"]/statBases/ArmorRating_Blunt</xpath>
			<value>
				<ArmorRating_Blunt>75</ArmorRating_Blunt>
			</value>
		</li>

		<li Class="PatchOperationAdd">
			<xpath>/Defs/VFEPirates.WarcasketDef[defName="VFEP_Warcasket_Siegebreaker"]/equippedStatOffsets</xpath>
			<value>
			    <CarryingCapacity>75</CarryingCapacity>
				<CarryWeight>250</CarryWeight>
				<CarryBulk>225</CarryBulk>
				<Suppressability>-100</Suppressability>
			</value>
		</li>

		<!-- === Energy Shield === -->

		<li Class="PatchOperationReplace">
			<xpath>/Defs/VFEPirates.WarcasketDef[defName="VFEP_Warcasket_Siegebreaker"]/comps/li[@Class="VFECore.CompProperties_ShieldBubble"]/EnergyShieldEnergyMax</xpath>
			<value>
				<EnergyShieldEnergyMax>375</EnergyShieldEnergyMax>
			</value>
		</li>

		<li Class="PatchOperationReplace">
			<xpath>/Defs/VFEPirates.WarcasketDef[defName="VFEP_Warcasket_Siegebreaker"]/comps/li[@Class="VFECore.CompProperties_ShieldBubble"]/EnergyShieldRechargeRate</xpath>
			<value>
				<EnergyShieldRechargeRate>4</EnergyShieldRechargeRate>
			</value>
		</li>

		<!-- ========== Siegebreaker Warcasket - Shoulders ========== -->

		<li Class="PatchOperationAdd">
			<xpath>/Defs/VFEPirates.WarcasketDef[defName="VFEP_WarcasketShoulders_Siegebreaker"]/statBases</xpath>
			<value>
				<Bulk>15</Bulk>
				<WornBulk>5</WornBulk>
			</value>
		</li>

		<li Class="PatchOperationReplace">
			<xpath>/Defs/VFEPirates.WarcasketDef[defName="VFEP_WarcasketShoulders_Siegebreaker"]/statBases/ArmorRating_Sharp</xpath>
			<value>
				<ArmorRating_Sharp>30</ArmorRating_Sharp>
			</value>
		</li>

		<li Class="PatchOperationReplace">
			<xpath>/Defs/VFEPirates.WarcasketDef[defName="VFEP_WarcasketShoulders_Siegebreaker"]/statBases/ArmorRating_Blunt</xpath>
			<value>
				<ArmorRating_Blunt>75</ArmorRating_Blunt>
			</value>
		</li>

		<!-- === Siegebreaker Warcasket Helmet === -->
		<li Class="PatchOperationAdd">
			<xpath>/Defs/VFEPirates.WarcasketDef[defName="VFEP_WarcasketHelmet_Siegebreaker"]/statBases</xpath>
			<value>
				<Bulk>20</Bulk>
				<WornBulk>10</WornBulk>
				<NightVisionEfficiency_Apparel>0.75</NightVisionEfficiency_Apparel>
			</value>
		</li>

		<li Class="PatchOperationAdd">
			<xpath>/Defs/VFEPirates.WarcasketDef[defName="VFEP_WarcasketHelmet_Siegebreaker"]/equippedStatOffsets</xpath>
			<value>
				<SmokeSensitivity>-1</SmokeSensitivity>
			</value>
		</li>

		<li Class="PatchOperationReplace">
			<xpath>/Defs/VFEPirates.WarcasketDef[defName="VFEP_WarcasketHelmet_Siegebreaker"]/statBases/ArmorRating_Sharp</xpath>
			<value>
				<ArmorRating_Sharp>26</ArmorRating_Sharp>
			</value>
		</li>

		<li Class="PatchOperationReplace">
			<xpath>/Defs/VFEPirates.WarcasketDef[defName="VFEP_WarcasketHelmet_Siegebreaker"]/statBases/ArmorRating_Blunt</xpath>
			<value>
				<ArmorRating_Blunt>66</ArmorRating_Blunt>
			</value>
		</li>

		<!-- ==========圣盾 Warcasket ========== -->
		<li Class="PatchOperationAdd">
			<xpath>/Defs/VFEPirates.WarcasketDef[defName="VFEP_Warcasket_Guardian"]/statBases</xpath>
			<value>
				<Bulk>275</Bulk>
				<WornBulk>35</WornBulk>
			</value>
		</li>

		<li Class="PatchOperationReplace">
			<xpath>/Defs/VFEPirates.WarcasketDef[defName="VFEP_Warcasket_Guardian"]/statBases/ArmorRating_Sharp</xpath>
			<value>
				<ArmorRating_Sharp>32</ArmorRating_Sharp>
			</value>
		</li>

		<li Class="PatchOperationReplace">
			<xpath>/Defs/VFEPirates.WarcasketDef[defName="VFEP_Warcasket_Guardian"]/statBases/ArmorRating_Blunt</xpath>
			<value>
				<ArmorRating_Blunt>90</ArmorRating_Blunt>
			</value>
		</li>

		<li Class="PatchOperationAdd">
			<xpath>/Defs/VFEPirates.WarcasketDef[defName="VFEP_Warcasket_Guardian"]/equippedStatOffsets</xpath>
			<value>
			    <CarryingCapacity>75</CarryingCapacity>
				<CarryWeight>250</CarryWeight>
				<CarryBulk>225</CarryBulk>
				<Suppressability>-100</Suppressability>
			</value>
		</li>

		<!-- === Energy Shield === -->

		<li Class="PatchOperationReplace">
			<xpath>/Defs/VFEPirates.WarcasketDef[defName="VFEP_Warcasket_Guardian"]/comps/li[@Class="VFECore.CompProperties_ShieldBubble"]/EnergyShieldEnergyMax</xpath>
			<value>
				<EnergyShieldEnergyMax>225</EnergyShieldEnergyMax>
			</value>
		</li>

		<li Class="PatchOperationReplace">
			<xpath>/Defs/VFEPirates.WarcasketDef[defName="VFEP_Warcasket_Guardian"]/comps/li[@Class="VFECore.CompProperties_ShieldBubble"]/EnergyShieldRechargeRate</xpath>
			<value>
				<EnergyShieldRechargeRate>3</EnergyShieldRechargeRate>
			</value>
		</li>

		<!-- ========== Guardian Warcasket - Shoulders ========== -->

		<li Class="PatchOperationAdd">
			<xpath>/Defs/VFEPirates.WarcasketDef[defName="VFEP_WarcasketShoulders_Guardian"]/statBases</xpath>
			<value>
				<Bulk>15</Bulk>
				<WornBulk>5</WornBulk>
			</value>
		</li>

		<li Class="PatchOperationReplace">
			<xpath>/Defs/VFEPirates.WarcasketDef[defName="VFEP_WarcasketShoulders_Guardian"]/statBases/ArmorRating_Sharp</xpath>
			<value>
				<ArmorRating_Sharp>32</ArmorRating_Sharp>
			</value>
		</li>

		<li Class="PatchOperationReplace">
			<xpath>/Defs/VFEPirates.WarcasketDef[defName="VFEP_WarcasketShoulders_Guardian"]/statBases/ArmorRating_Blunt</xpath>
			<value>
				<ArmorRating_Blunt>90</ArmorRating_Blunt>
			</value>
		</li>

		<!-- === Guardian Warcasket Helmet === -->
		<li Class="PatchOperationAdd">
			<xpath>/Defs/VFEPirates.WarcasketDef[defName="VFEP_WarcasketHelmet_Guardian"]/statBases</xpath>
			<value>
				<Bulk>20</Bulk>
				<WornBulk>10</WornBulk>
				<NightVisionEfficiency_Apparel>0.75</NightVisionEfficiency_Apparel>
			</value>
		</li>

		<li Class="PatchOperationAdd">
			<xpath>/Defs/VFEPirates.WarcasketDef[defName="VFEP_WarcasketHelmet_Guardian"]/equippedStatOffsets</xpath>
			<value>
				<SmokeSensitivity>-1</SmokeSensitivity>
			</value>
		</li>

		<li Class="PatchOperationReplace">
			<xpath>/Defs/VFEPirates.WarcasketDef[defName="VFEP_WarcasketHelmet_Guardian"]/statBases/ArmorRating_Sharp</xpath>
			<value>
				<ArmorRating_Sharp>28</ArmorRating_Sharp>
			</value>
		</li>

		<li Class="PatchOperationReplace">
			<xpath>/Defs/VFEPirates.WarcasketDef[defName="VFEP_WarcasketHelmet_Guardian"]/statBases/ArmorRating_Blunt</xpath>
			<value>
				<ArmorRating_Blunt>75</ArmorRating_Blunt>
			</value>
		</li>

		<!-- ========== 统控 Warcasket ========== -->
		<li Class="PatchOperationAdd">
			<xpath>/Defs/VFEPirates.WarcasketDef[defName="VFEP_Warcasket_Controller"]/statBases</xpath>
			<value>
				<Bulk>275</Bulk>
				<WornBulk>35</WornBulk>
			</value>
		</li>

		<li Class="PatchOperationReplace">
			<xpath>/Defs/VFEPirates.WarcasketDef[defName="VFEP_Warcasket_Controller"]/statBases/ArmorRating_Sharp</xpath>
			<value>
				<ArmorRating_Sharp>30</ArmorRating_Sharp>
			</value>
		</li>

		<li Class="PatchOperationReplace">
			<xpath>/Defs/VFEPirates.WarcasketDef[defName="VFEP_Warcasket_Controller"]/statBases/ArmorRating_Blunt</xpath>
			<value>
				<ArmorRating_Blunt>75</ArmorRating_Blunt>
			</value>
		</li>

		<li Class="PatchOperationAdd">
			<xpath>/Defs/VFEPirates.WarcasketDef[defName="VFEP_Warcasket_Controller"]/equippedStatOffsets</xpath>
			<value>
			    <CarryingCapacity>75</CarryingCapacity>
				<CarryWeight>250</CarryWeight>
				<CarryBulk>225</CarryBulk>
				<Suppressability>-100</Suppressability>
			</value>
		</li>

		<!-- === Energy Shield === -->

		<li Class="PatchOperationReplace">
			<xpath>/Defs/VFEPirates.WarcasketDef[defName="VFEP_Warcasket_Controller"]/comps/li[@Class="VFECore.CompProperties_ShieldBubble"]/EnergyShieldEnergyMax</xpath>
			<value>
				<EnergyShieldEnergyMax>225</EnergyShieldEnergyMax>
			</value>
		</li>

		<li Class="PatchOperationReplace">
			<xpath>/Defs/VFEPirates.WarcasketDef[defName="VFEP_Warcasket_Controller"]/comps/li[@Class="VFECore.CompProperties_ShieldBubble"]/EnergyShieldRechargeRate</xpath>
			<value>
				<EnergyShieldRechargeRate>3</EnergyShieldRechargeRate>
			</value>
		</li>

		<!-- ========== Controller Warcasket - Shoulders ========== -->

		<li Class="PatchOperationAdd">
			<xpath>/Defs/VFEPirates.WarcasketDef[defName="VFEP_WarcasketShoulders_Controller"]/statBases</xpath>
			<value>
				<Bulk>15</Bulk>
				<WornBulk>5</WornBulk>
			</value>
		</li>

		<li Class="PatchOperationReplace">
			<xpath>/Defs/VFEPirates.WarcasketDef[defName="VFEP_WarcasketShoulders_Controller"]/statBases/ArmorRating_Sharp</xpath>
			<value>
				<ArmorRating_Sharp>30</ArmorRating_Sharp>
			</value>
		</li>

		<li Class="PatchOperationReplace">
			<xpath>/Defs/VFEPirates.WarcasketDef[defName="VFEP_WarcasketShoulders_Controller"]/statBases/ArmorRating_Blunt</xpath>
			<value>
				<ArmorRating_Blunt>75</ArmorRating_Blunt>
			</value>
		</li>

		<!-- === Siegebreaker Warcasket Helmet === -->
		<li Class="PatchOperationAdd">
			<xpath>/Defs/VFEPirates.WarcasketDef[defName="VFEP_WarcasketHelmet_Controller"]/statBases</xpath>
			<value>
				<Bulk>20</Bulk>
				<WornBulk>10</WornBulk>
				<NightVisionEfficiency_Apparel>0.75</NightVisionEfficiency_Apparel>
			</value>
		</li>

		<li Class="PatchOperationAdd">
			<xpath>/Defs/VFEPirates.WarcasketDef[defName="VFEP_WarcasketHelmet_Controller"]/equippedStatOffsets</xpath>
			<value>
				<SmokeSensitivity>-1</SmokeSensitivity>
			</value>
		</li>

		<li Class="PatchOperationReplace">
			<xpath>/Defs/VFEPirates.WarcasketDef[defName="VFEP_WarcasketHelmet_Controller"]/statBases/ArmorRating_Sharp</xpath>
			<value>
				<ArmorRating_Sharp>28</ArmorRating_Sharp>
			</value>
		</li>

		<li Class="PatchOperationReplace">
			<xpath>/Defs/VFEPirates.WarcasketDef[defName="VFEP_WarcasketHelmet_Controller"]/statBases/ArmorRating_Blunt</xpath>
			<value>
				<ArmorRating_Blunt>66</ArmorRating_Blunt>
			</value>
		</li>

		<!-- ==========死灵型  Sarcophagus Warcasket ========== -->
		<li Class="PatchOperationAdd">
			<xpath>/Defs/VFEPirates.WarcasketDef[defName="VFEP_Warcasket_Sarcophagus"]/statBases</xpath>
			<value>
				<Bulk>275</Bulk>
				<WornBulk>35</WornBulk>
			</value>
		</li>

		<li Class="PatchOperationReplace">
			<xpath>/Defs/VFEPirates.WarcasketDef[defName="VFEP_Warcasket_Sarcophagus"]/statBases/ArmorRating_Sharp</xpath>
			<value>
				<ArmorRating_Sharp>30</ArmorRating_Sharp>
			</value>
		</li>

		<li Class="PatchOperationReplace">
			<xpath>/Defs/VFEPirates.WarcasketDef[defName="VFEP_Warcasket_Sarcophagus"]/statBases/ArmorRating_Blunt</xpath>
			<value>
				<ArmorRating_Blunt>75</ArmorRating_Blunt>
			</value>
		</li>

		<li Class="PatchOperationAdd">
			<xpath>/Defs/VFEPirates.WarcasketDef[defName="VFEP_Warcasket_Sarcophagus"]/equippedStatOffsets</xpath>
			<value>
			    <CarryingCapacity>75</CarryingCapacity>
				<CarryWeight>250</CarryWeight>
				<CarryBulk>225</CarryBulk>
				<Suppressability>-100</Suppressability>
			</value>
		</li>

		<!-- === Energy Shield === -->

		<li Class="PatchOperationReplace">
			<xpath>/Defs/VFEPirates.WarcasketDef[defName="VFEP_Warcasket_Sarcophagus"]/comps/li[@Class="VFECore.CompProperties_ShieldBubble"]/EnergyShieldEnergyMax</xpath>
			<value>
				<EnergyShieldEnergyMax>225</EnergyShieldEnergyMax>
			</value>
		</li>

		<li Class="PatchOperationReplace">
			<xpath>/Defs/VFEPirates.WarcasketDef[defName="VFEP_Warcasket_Sarcophagus"]/comps/li[@Class="VFECore.CompProperties_ShieldBubble"]/EnergyShieldRechargeRate</xpath>
			<value>
				<EnergyShieldRechargeRate>3</EnergyShieldRechargeRate>
			</value>
		</li>

		<!-- ========== Sarcophagus Warcasket - Shoulders ========== -->

		<li Class="PatchOperationAdd">
			<xpath>/Defs/VFEPirates.WarcasketDef[defName="VFEP_WarcasketShoulders_Sarcophagus"]/statBases</xpath>
			<value>
				<Bulk>15</Bulk>
				<WornBulk>5</WornBulk>
			</value>
		</li>

		<li Class="PatchOperationReplace">
			<xpath>/Defs/VFEPirates.WarcasketDef[defName="VFEP_WarcasketShoulders_Sarcophagus"]/statBases/ArmorRating_Sharp</xpath>
			<value>
				<ArmorRating_Sharp>30</ArmorRating_Sharp>
			</value>
		</li>

		<li Class="PatchOperationReplace">
			<xpath>/Defs/VFEPirates.WarcasketDef[defName="VFEP_WarcasketShoulders_Sarcophagus"]/statBases/ArmorRating_Blunt</xpath>
			<value>
				<ArmorRating_Blunt>75</ArmorRating_Blunt>
			</value>
		</li>

		<!-- === Sarcophagus Warcasket Helmet === -->
		<li Class="PatchOperationAdd">
			<xpath>/Defs/VFEPirates.WarcasketDef[defName="VFEP_WarcasketHelmet_Sarcophagus"]/statBases</xpath>
			<value>
				<Bulk>20</Bulk>
				<WornBulk>10</WornBulk>
				<NightVisionEfficiency_Apparel>0.75</NightVisionEfficiency_Apparel>
			</value>
		</li>

		<li Class="PatchOperationAdd">
			<xpath>/Defs/VFEPirates.WarcasketDef[defName="VFEP_WarcasketHelmet_Sarcophagus"]/equippedStatOffsets</xpath>
			<value>
				<SmokeSensitivity>-1</SmokeSensitivity>
			</value>
		</li>

		<li Class="PatchOperationReplace">
			<xpath>/Defs/VFEPirates.WarcasketDef[defName="VFEP_WarcasketHelmet_Sarcophagus"]/statBases/ArmorRating_Sharp</xpath>
			<value>
				<ArmorRating_Sharp>28</ArmorRating_Sharp>
			</value>
		</li>

		<li Class="PatchOperationReplace">
			<xpath>/Defs/VFEPirates.WarcasketDef[defName="VFEP_WarcasketHelmet_Sarcophagus"]/statBases/ArmorRating_Blunt</xpath>
			<value>
				<ArmorRating_Blunt>66</ArmorRating_Blunt>
			</value>
		</li>

		<!-- ========== 狂怒 Brute Warcasket ========== -->
		<li Class="PatchOperationAdd">
			<xpath>/Defs/VFEPirates.WarcasketDef[defName="VFEP_Warcasket_Brute"]/statBases</xpath>
			<value>
				<Bulk>275</Bulk>
				<WornBulk>35</WornBulk>
			</value>
		</li>

		<li Class="PatchOperationReplace">
			<xpath>/Defs/VFEPirates.WarcasketDef[defName="VFEP_Warcasket_Brute"]/statBases/ArmorRating_Sharp</xpath>
			<value>
				<ArmorRating_Sharp>32</ArmorRating_Sharp>
			</value>
		</li>

		<li Class="PatchOperationReplace">
			<xpath>/Defs/VFEPirates.WarcasketDef[defName="VFEP_Warcasket_Brute"]/statBases/ArmorRating_Blunt</xpath>
			<value>
				<ArmorRating_Blunt>90</ArmorRating_Blunt>
			</value>
		</li>

		<li Class="PatchOperationAdd">
			<xpath>/Defs/VFEPirates.WarcasketDef[defName="VFEP_Warcasket_Brute"]/equippedStatOffsets</xpath>
			<value>
			    <CarryingCapacity>75</CarryingCapacity>
				<CarryWeight>250</CarryWeight>
				<CarryBulk>225</CarryBulk>
				<Suppressability>-100</Suppressability>
			</value>
		</li>

		<!-- === Energy Shield === -->

		<li Class="PatchOperationReplace">
			<xpath>/Defs/VFEPirates.WarcasketDef[defName="VFEP_Warcasket_Brute"]/comps/li[@Class="VFECore.CompProperties_ShieldBubble"]/EnergyShieldEnergyMax</xpath>
			<value>
				<EnergyShieldEnergyMax>750</EnergyShieldEnergyMax>
			</value>
		</li>

		<li Class="PatchOperationReplace">
			<xpath>/Defs/VFEPirates.WarcasketDef[defName="VFEP_Warcasket_Brute"]/comps/li[@Class="VFECore.CompProperties_ShieldBubble"]/EnergyShieldRechargeRate</xpath>
			<value>
				<EnergyShieldRechargeRate>1.5</EnergyShieldRechargeRate>
			</value>
		</li>

		<!-- ========== Brute Warcasket - Shoulders ========== -->

		<li Class="PatchOperationAdd">
			<xpath>/Defs/VFEPirates.WarcasketDef[defName="VFEP_WarcasketShoulders_Brute"]/statBases</xpath>
			<value>
				<Bulk>15</Bulk>
				<WornBulk>5</WornBulk>
			</value>
		</li>

		<li Class="PatchOperationReplace">
			<xpath>/Defs/VFEPirates.WarcasketDef[defName="VFEP_WarcasketShoulders_Brute"]/statBases/ArmorRating_Sharp</xpath>
			<value>
				<ArmorRating_Sharp>32</ArmorRating_Sharp>
			</value>
		</li>

		<li Class="PatchOperationReplace">
			<xpath>/Defs/VFEPirates.WarcasketDef[defName="VFEP_WarcasketShoulders_Brute"]/statBases/ArmorRating_Blunt</xpath>
			<value>
				<ArmorRating_Blunt>90</ArmorRating_Blunt>
			</value>
		</li>

		<!-- === Brute Warcasket Helmet === -->
		<li Class="PatchOperationAdd">
			<xpath>/Defs/VFEPirates.WarcasketDef[defName="VFEP_WarcasketHelmet_Brute"]/statBases</xpath>
			<value>
				<Bulk>20</Bulk>
				<WornBulk>10</WornBulk>
				<NightVisionEfficiency_Apparel>0.75</NightVisionEfficiency_Apparel>
			</value>
		</li>

		<li Class="PatchOperationAdd">
			<xpath>/Defs/VFEPirates.WarcasketDef[defName="VFEP_WarcasketHelmet_Brute"]/equippedStatOffsets</xpath>
			<value>
				<SmokeSensitivity>-1</SmokeSensitivity>
			</value>
		</li>

		<li Class="PatchOperationReplace">
			<xpath>/Defs/VFEPirates.WarcasketDef[defName="VFEP_WarcasketHelmet_Brute"]/statBases/ArmorRating_Sharp</xpath>
			<value>
				<ArmorRating_Sharp>30</ArmorRating_Sharp>
			</value>
		</li>

		<li Class="PatchOperationReplace">
			<xpath>/Defs/VFEPirates.WarcasketDef[defName="VFEP_WarcasketHelmet_Brute"]/statBases/ArmorRating_Blunt</xpath>
			<value>
				<ArmorRating_Blunt>75</ArmorRating_Blunt>
			</value>
		</li>
		</operations>
		</match>
	</Operation>
</Patch>
