<?xml version="1.0" encoding="utf-8" ?>
<Patch>

	<Operation Class="PatchOperationFindMod">
    <mods>
    	<li>Vanilla Factions Expanded - Pirates</li>
    </mods>
		<match Class="PatchOperationSequence">
			<operations>			

			<!-- Warcasket Combat Knife -->	
			<li Class="PatchOperationReplace">
				<xpath>/Defs/ThingDef[defName="VFEP_WarcasketMeleeWeapon_CombatKnife"]/tools</xpath>
				<value>
					<tools>
						<li Class="CombatExtended.ToolCE">
							<label>point</label>
							<capacities>
								<li>Stab</li>
							</capacities>
							<power>33</power>
							<cooldownTime>2.24</cooldownTime>
							<chanceFactor>0.60</chanceFactor>
							<armorPenetrationBlunt>14</armorPenetrationBlunt>
							<armorPenetrationSharp>8</armorPenetrationSharp>
							<linkedBodyPartsGroup>Point</linkedBodyPartsGroup>
						</li>
						<li Class="CombatExtended.ToolCE">
							<label>edge</label>
							<capacities>
								<li>Cut</li>
							</capacities>
							<power>44</power>
							<cooldownTime>3.17</cooldownTime>
							<chanceFactor>0.30</chanceFactor>
							<armorPenetrationBlunt>10</armorPenetrationBlunt>
							<armorPenetrationSharp>2.15</armorPenetrationSharp>
							<linkedBodyPartsGroup>Edge</linkedBodyPartsGroup>
						</li>
					</tools>
				</value>
			</li>

			<li Class="PatchOperationAdd">
				<xpath>/Defs/ThingDef[defName="VFEP_WarcasketMeleeWeapon_CombatKnife"]</xpath>
				<value>
					<equippedStatOffsets>
						<MeleeCritChance>0.63</MeleeCritChance>
						<MeleeParryChance>0.75</MeleeParryChance>
						<MeleeDodgeChance>0.4</MeleeDodgeChance>	
					</equippedStatOffsets>
				</value>
			</li>

			<li Class="PatchOperationAdd">
				<xpath>/Defs/ThingDef[defName="VFEP_WarcasketMeleeWeapon_CombatKnife"]/statBases</xpath>
				<value>
					<Bulk>7</Bulk>
					<MeleeCounterParryBonus>0.23</MeleeCounterParryBonus>
					<ToughnessRating>5</ToughnessRating>
				</value>
			</li>

			<!-- Warcasket Broadsword -->	
			<li Class="PatchOperationReplace">
				<xpath>/Defs/ThingDef[defName="VFEP_WarcasketMeleeWeapon_Broadsword"]/tools</xpath>
				<value>
					<tools>
						<li Class="CombatExtended.ToolCE">
							<label>point</label>
							<capacities>
								<li>Stab</li>
							</capacities>
							<power>56</power>
							<cooldownTime>2.4</cooldownTime>
							<chanceFactor>0.60</chanceFactor>
							<armorPenetrationBlunt>9</armorPenetrationBlunt>
							<armorPenetrationSharp>6</armorPenetrationSharp>
							<linkedBodyPartsGroup>Point</linkedBodyPartsGroup>
						</li>
						<li Class="CombatExtended.ToolCE">
							<label>edge</label>
							<capacities>
								<li>Cut</li>
							</capacities>
							<power>68</power>
							<cooldownTime>3.35</cooldownTime>
							<chanceFactor>0.30</chanceFactor>
							<armorPenetrationBlunt>17</armorPenetrationBlunt>
							<armorPenetrationSharp>4.8</armorPenetrationSharp>
							<linkedBodyPartsGroup>Edge</linkedBodyPartsGroup>
						</li>
					</tools>
				</value>
			</li>

			<li Class="PatchOperationAdd">
				<xpath>/Defs/ThingDef[defName="VFEP_WarcasketMeleeWeapon_Broadsword"]</xpath>
				<value>
					<equippedStatOffsets>
						<MeleeCritChance>0.02</MeleeCritChance>
						<MeleeParryChance>0.47</MeleeParryChance>
						<MeleeDodgeChance>0.18</MeleeDodgeChance>	
					</equippedStatOffsets>
				</value>
			</li>

			<li Class="PatchOperationAdd">
				<xpath>/Defs/ThingDef[defName="VFEP_WarcasketMeleeWeapon_Broadsword"]/statBases</xpath>
				<value>
					<Bulk>14</Bulk>
					<MeleeCounterParryBonus>1</MeleeCounterParryBonus>
					<ToughnessRating>10</ToughnessRating>
				</value>
			</li>

			<!-- Warcasket Gravity Hammer -->	
			<li Class="PatchOperationReplace">
				<xpath>/Defs/ThingDef[defName="VFEP_WarcasketMeleeWeapon_GravityHammer"]/tools</xpath>
				<value>
					<tools>
						<li Class="CombatExtended.ToolCE">
							<label>head</label>
							<capacities>
								<li>VFEP_GravityHammerAttack</li>
							</capacities>
							<power>92</power>
							<cooldownTime>5.73</cooldownTime>
							<chanceFactor>0.60</chanceFactor>
							<armorPenetrationBlunt>580</armorPenetrationBlunt>
							<linkedBodyPartsGroup>Point</linkedBodyPartsGroup>
						</li>
						<li Class="CombatExtended.ToolCE">
							<label>handle</label>
							<capacities>
								<li>Poke</li>
							</capacities>
							<power>50</power>
							<cooldownTime>2.11</cooldownTime>
							<chanceFactor>0.30</chanceFactor>
							<armorPenetrationBlunt>22.5</armorPenetrationBlunt>
							<linkedBodyPartsGroup>Edge</linkedBodyPartsGroup>
						</li>
					</tools>
				</value>
			</li>

			<li Class="PatchOperationAdd">
				<xpath>/Defs/ThingDef[defName="VFEP_WarcasketMeleeWeapon_GravityHammer"]</xpath>
				<value>
					<equippedStatOffsets>
						<MeleeCritChance>0.8</MeleeCritChance>
						<MeleeParryChance>0.1</MeleeParryChance>
						<MeleeDodgeChance>0.18</MeleeDodgeChance>	
					</equippedStatOffsets>
				</value>
			</li>

			<li Class="PatchOperationAdd">
				<xpath>/Defs/ThingDef[defName="VFEP_WarcasketMeleeWeapon_GravityHammer"]/statBases</xpath>
				<value>
					<Bulk>18</Bulk>
					<MeleeCounterParryBonus>2</MeleeCounterParryBonus>
					<ToughnessRating>25</ToughnessRating>
				</value>
			</li>

			</operations>
		</match>
	</Operation>
</Patch>
