<?xml version="1.0" encoding="utf-8" ?>
<Patch>

  <Operation Class="PatchOperationFindMod">
    <mods>
      <li>Vanilla Factions Expanded - Pirates</li>
    </mods>
    <match Class="PatchOperationSequence">
      <operations>

        <!-- === Remove the added weapon tag from the Charge Lance === -->
        <li Class="PatchOperationRemove">
          <xpath>/Defs/ThingDef[defName="Gun_ChargeLance"]/weaponTags/li[contains(.,"VFEP_Captain")]</xpath>
        </li>

        <!-- === Research === -->
        <li Class="PatchOperationReplace">
          <xpath>/Defs/ResearchProjectDef[defName="VFEP_WarcasketWeaponry"]/prerequisites/li[text()="MultibarrelWeapons"]</xpath>
          <value>
            <li>PrecisionRifling</li>
          </value>
        </li>

        <!-- === Tools === -->
        <li Class="PatchOperationReplace">
          <xpath>
            /Defs/ThingDef[
              defName = "VFEP_WarcasketGun_Autorifle" or
              defName = "VFEP_WarcasketGun_UraniumSlugRifle" or
              defName = "VFEP_WarcasketGun_Slugthrower" or
              defName = "VFEP_WarcasketGun_Minigun" or
              defName = "VFEP_WarcasketGun_GrenadeLauncher" or
              defName = "VFEP_WarcasketGun_HeavyFlamer" or
              defName = "VFEP_WarcasketGun_ChargeLance" or
              defName = "VFEP_WarcasketGun_HandheldCannon" or
              defName = "VFEP_WarcasketGun_ChargeBlaster"              
            ]/tools
          </xpath>
          <value>
            <tools>
              <li Class="CombatExtended.ToolCE">
                <label>barrel</label>
                <capacities>
                  <li>Blunt</li>
                </capacities>
                <power>35</power>
                <cooldownTime>2.44</cooldownTime>
                <armorPenetrationBlunt>16</armorPenetrationBlunt>
                <linkedBodyPartsGroup>Barrel</linkedBodyPartsGroup>
              </li>
            </tools>
          </value>
        </li>

        <!-- === 步枪 === -->
        <li Class="CombatExtended.PatchOperationMakeGunCECompatible">
          <defName>VFEP_WarcasketGun_Autorifle</defName>
          <statBases>
            <Bulk>25</Bulk>
            <SwayFactor>1.3</SwayFactor>
            <ShotSpread>0.04</ShotSpread>
            <SightsEfficiency>1</SightsEfficiency>
            <RangedWeapon_Cooldown>0.47</RangedWeapon_Cooldown>
          </statBases>
          <Properties>
            <recoilAmount>2.1</recoilAmount>
            <verbClass>CombatExtended.Verb_ShootCE</verbClass>
            <hasStandardCommand>True</hasStandardCommand>
            <defaultProjectile>Bullet_50BMG_FMJ</defaultProjectile>
            <burstShotCount>5</burstShotCount>
            <ticksBetweenBurstShots>10</ticksBetweenBurstShots>
            <warmupTime>1.3</warmupTime>
            <range>60</range>
            <soundCast>Shot_Autocannon</soundCast>
            <soundCastTail>GunTail_Medium</soundCastTail>
            <muzzleFlashScale>12</muzzleFlashScale>
          </Properties>
          <AmmoUser>
            <magazineSize>30</magazineSize>
            <reloadTime>8.5</reloadTime>
            <ammoSet>AmmoSet_50BMG</ammoSet>
          </AmmoUser>
          <FireModes>
            <aiAimMode>AimedShot</aiAimMode>
          </FireModes>
        </li>

        <!-- === 铀弹步枪 === -->
        <li Class="CombatExtended.PatchOperationMakeGunCECompatible">
          <defName>VFEP_WarcasketGun_UraniumSlugRifle</defName>
          <statBases>
            <Bulk>25</Bulk>
            <SwayFactor>1.1</SwayFactor>
            <ShotSpread>0.01</ShotSpread>
            <SightsEfficiency>2.20</SightsEfficiency>
            <RangedWeapon_Cooldown>0.60</RangedWeapon_Cooldown>
          </statBases>
          <Properties>
            <verbClass>CombatExtended.Verb_ShootCE</verbClass>
            <hasStandardCommand>True</hasStandardCommand>
            <defaultProjectile>Bullet_30x173mm_FMJ</defaultProjectile>
            <warmupTime>2</warmupTime>
            <range>68</range>
            <minRange>1.9</minRange>
            <soundCast>Shot_TurretSniper</soundCast>
            <soundCastTail>GunTail_Heavy</soundCastTail>
            <muzzleFlashScale>16</muzzleFlashScale>
          </Properties>
          <AmmoUser>
            <magazineSize>10</magazineSize>
            <reloadTime>7.6</reloadTime>
            <ammoSet>AmmoSet_30x173mm</ammoSet>
          </AmmoUser>
          <FireModes>
            <aiAimMode>AimedShot</aiAimMode>
          </FireModes>
        </li>

        <!-- ========== 榴弹炮 ========== -->
        <li Class="CombatExtended.PatchOperationMakeGunCECompatible">
          <defName>VFEP_WarcasketGun_GrenadeLauncher</defName>
          <statBases>
            <Bulk>25</Bulk>
            <SwayFactor>1.75</SwayFactor>
            <ShotSpread>0.15</ShotSpread>
            <SightsEfficiency>1.0</SightsEfficiency>
            <RangedWeapon_Cooldown>0.39</RangedWeapon_Cooldown>
          </statBases>
          <Properties>
            <recoilAmount>2.93</recoilAmount>
            <verbClass>CombatExtended.Verb_ShootCE</verbClass>
            <hasStandardCommand>true</hasStandardCommand>
            <defaultProjectile>Bullet_40x46mmGrenade_HE</defaultProjectile>
            <warmupTime>1.8</warmupTime>
            <range>50</range>
            <minRange>4</minRange>
            <ticksBetweenBurstShots>9</ticksBetweenBurstShots>
            <burstShotCount>4</burstShotCount>            
            <soundCast>VFEP_Shot_GrenadeLauncher</soundCast>
            <soundCastTail>GunTail_Medium</soundCastTail>
            <muzzleFlashScale>9</muzzleFlashScale>
            <targetParams>
              <canTargetLocations>true</canTargetLocations>
            </targetParams>
          </Properties>
          <AmmoUser>
            <magazineSize>12</magazineSize>
            <reloadTime>0.9</reloadTime>
            <reloadOneAtATime>true</reloadOneAtATime>
            <ammoSet>AmmoSet_40x46mmGrenade</ammoSet>
          </AmmoUser>
          <FireModes>
            <aiUseBurstMode>FALSE</aiUseBurstMode>
            <aiAimMode>SuppressFire</aiAimMode>
            <aimedBurstShotCount>2</aimedBurstShotCount>
          </FireModes>
        </li>

        <!-- ========== 霰弹 ========== -->
        <li Class="CombatExtended.PatchOperationMakeGunCECompatible">
          <defName>VFEP_WarcasketGun_Slugthrower</defName>
          <statBases>
            <RangedWeapon_Cooldown>1.0</RangedWeapon_Cooldown>
            <ShotSpread>0.2</ShotSpread>
            <SwayFactor>1.60</SwayFactor>
            <Bulk>15</Bulk>
            <SightsEfficiency>1</SightsEfficiency>
          </statBases>
          <Properties>
            <verbClass>CombatExtended.Verb_ShootCE</verbClass>
            <hasStandardCommand>true</hasStandardCommand>
            <defaultProjectile>Bullet_BlasterPelletBolt</defaultProjectile>
            <warmupTime>0.6</warmupTime>
            <range>28</range>
            <soundCast>VFEP_Shot_Slugthrower</soundCast>
            <soundCastTail>GunTail_Heavy</soundCastTail>
            <muzzleFlashScale>9</muzzleFlashScale>
          </Properties>
          <AmmoUser>
            <magazineSize>8</magazineSize>
            <reloadOneAtATime>true</reloadOneAtATime>
            <reloadTime>0.85</reloadTime>
            <ammoSet>AmmoSet_BlasterPelletBolt</ammoSet>
          </AmmoUser>
          <FireModes />
        </li>

        <!-- ========== 速射 ========== -->
        <li Class="CombatExtended.PatchOperationMakeGunCECompatible">
          <defName>VFEP_WarcasketGun_Minigun</defName>
          <statBases>
            <RangedWeapon_Cooldown>0.6</RangedWeapon_Cooldown>
            <SightsEfficiency>0.9</SightsEfficiency>
            <ShotSpread>0.1</ShotSpread>
            <SwayFactor>1.6</SwayFactor>
            <Bulk>25</Bulk>
          </statBases>
          <Properties>
            <recoilAmount>0.6</recoilAmount>
            <verbClass>CombatExtended.Verb_ShootCE</verbClass>
            <hasStandardCommand>true</hasStandardCommand>
            <defaultProjectile>Bullet_303British_FMJ</defaultProjectile>
            <warmupTime>2.7</warmupTime>
            <range>57</range>
            <burstShotCount>40</burstShotCount>
            <ticksBetweenBurstShots>2</ticksBetweenBurstShots>
            <soundCast>VFEP_Shot_Minigun</soundCast>
            <soundCastTail>GunTail_Medium</soundCastTail>
            <muzzleFlashScale>9</muzzleFlashScale>
            <targetParams>
              <canTargetLocations>true</canTargetLocations>
            </targetParams>
          </Properties>
          <AmmoUser>
            <magazineSize>500</magazineSize>
            <reloadTime>9.2</reloadTime>
            <ammoSet>AmmoSet_303British</ammoSet>
          </AmmoUser>
          <FireModes>
            <aimedBurstShotCount>20</aimedBurstShotCount>
            <aiUseBurstMode>FALSE</aiUseBurstMode>
            <aiAimMode>SuppressFire</aiAimMode>
          </FireModes>
        </li>

        <!-- === 重型火焰喷射器r === -->
        <li Class="CombatExtended.PatchOperationMakeGunCECompatible">
          <defName>VFEP_WarcasketGun_HeavyFlamer</defName>
          <statBases>
            <Bulk>20</Bulk>
            <SwayFactor>2.10</SwayFactor>
            <ShotSpread>3.00</ShotSpread>
            <SightsEfficiency>0.65</SightsEfficiency>
            <RangedWeapon_Cooldown>0.35</RangedWeapon_Cooldown>
          </statBases>
          <Properties>
            <verbClass>CombatExtended.Verb_ShootCE</verbClass>
            <recoilAmount>0.55</recoilAmount>
            <hasStandardCommand>true</hasStandardCommand>
            <defaultProjectile>Bullet_Flamethrower_Prometheum</defaultProjectile>
            <burstShotCount>20</burstShotCount>
            <ticksBetweenBurstShots>1</ticksBetweenBurstShots>
            <warmupTime>1.3</warmupTime>
            <range>30</range>
            <minRange>3</minRange>
            <soundCast>HissFlamethrower</soundCast>
            <soundCastTail>GunTail_Light</soundCastTail>
            <muzzleFlashScale>12</muzzleFlashScale>
            <targetParams>
              <canTargetLocations>true</canTargetLocations>
            </targetParams>
            <ai_AvoidFriendlyFireRadius>5</ai_AvoidFriendlyFireRadius>
          </Properties>
          <AmmoUser>
            <magazineSize>200</magazineSize>
            <reloadTime>6.6</reloadTime>
            <ammoSet>AmmoSet_Flamethrower</ammoSet>
          </AmmoUser>
          <FireModes>
            <aiAimMode>SuppressFire</aiAimMode>
            <aimedBurstShotCount>10</aimedBurstShotCount>
          </FireModes>
        </li>

        <!-- === 电荷标枪 === -->
        <li Class="CombatExtended.PatchOperationMakeGunCECompatible">
          <defName>VFEP_WarcasketGun_ChargeLance</defName>
          <statBases>
            <SightsEfficiency>2.0</SightsEfficiency>
            <ShotSpread>0.01</ShotSpread>
            <SwayFactor>1.08</SwayFactor>
            <Bulk>45.00</Bulk>
            <RangedWeapon_Cooldown>1.2</RangedWeapon_Cooldown>
          </statBases>
          <Properties>				
            <verbClass>CombatExtended.Verb_ShootCE</verbClass>
            <hasStandardCommand>true</hasStandardCommand>
            <defaultProjectile>Bullet_ChargeLance</defaultProjectile>
            <warmupTime>2.8</warmupTime>
            <range>80</range>
            <ticksBetweenBurstShots>6</ticksBetweenBurstShots>
            <burstShotCount>3</burstShotCount>
            <soundCast>ChargeLance_Fire</soundCast>
            <soundCastTail>GunTail_Heavy</soundCastTail>
            <muzzleFlashScale>9</muzzleFlashScale>
          </Properties>
          <AmmoUser>
            <magazineSize>18</magazineSize>
            <reloadTime>4</reloadTime>
            <ammoSet>AmmoSet_RailRay</ammoSet>
          </AmmoUser>
          <FireModes>
            <aiUseBurstMode>true</aiUseBurstMode>
            <aiAimMode>AimedShot</aiAimMode>
          </FireModes>
        </li>

        <!-- === 手持加农 === -->	
        <li Class="CombatExtended.PatchOperationMakeGunCECompatible">
          <defName>VFEP_WarcasketGun_HandheldCannon</defName>
          <statBases>
            <Mass>42</Mass>
            <Bulk>20</Bulk>
            <SwayFactor>1.24</SwayFactor>
            <ShotSpread>0.10</ShotSpread>
            <SightsEfficiency>0.5</SightsEfficiency>
            <RangedWeapon_Cooldown>1.5</RangedWeapon_Cooldown>
          </statBases>
          <Properties>
            <verbClass>CombatExtended.Verb_ShootMortarCE</verbClass>
            <hasStandardCommand>True</hasStandardCommand>
            <defaultProjectile>Stone_Ball</defaultProjectile>
            <warmupTime>2.5</warmupTime>
            <range>126</range>
            <minRange>5.9</minRange>
            <soundCast>VFEP_Shot_Cannon</soundCast>
            <soundCastTail>GunTail_Heavy</soundCastTail>
            <muzzleFlashScale>16</muzzleFlashScale>
            <targetParams>
              <canTargetLocations>true</canTargetLocations>
            </targetParams>
          </Properties>
          <AmmoUser>
            <magazineSize>1</magazineSize>
            <reloadTime>5.2</reloadTime>
            <ammoSet>AmmoSet_Catapult</ammoSet>
          </AmmoUser>
          <FireModes>
            <aiAimMode>AimedShot</aiAimMode>
          </FireModes>
          <AllowWithRunAndGun>false</AllowWithRunAndGun>
        </li>
	
        <!-- === 电荷速射枪 === -->
        <li Class="CombatExtended.PatchOperationMakeGunCECompatible">
          <defName>VFEP_WarcasketGun_ChargeBlaster</defName>
          <statBases>
            <SightsEfficiency>1.1</SightsEfficiency>
            <ShotSpread>0.06</ShotSpread>
            <SwayFactor>1.18</SwayFactor>
            <Bulk>31.00</Bulk>
            <RangedWeapon_Cooldown>1.56</RangedWeapon_Cooldown>
          </statBases>
          <Properties>
            <recoilAmount>1.18</recoilAmount>					
            <verbClass>CombatExtended.Verb_ShootCE</verbClass>
            <hasStandardCommand>true</hasStandardCommand>
            <defaultProjectile>Bullet_6x24mmCharged</defaultProjectile>
            <warmupTime>1</warmupTime>
            <range>75</range>
            <burstShotCount>50</burstShotCount>
            <ticksBetweenBurstShots>4</ticksBetweenBurstShots>
            <soundCast>ChargeLance_Fire</soundCast>
            <soundCastTail>GunTail_Heavy</soundCastTail>
            <muzzleFlashScale>15</muzzleFlashScale>
            <targetParams>
            <canTargetLocations>true</canTargetLocations>
            </targetParams>
            <recoilPattern>Mounted</recoilPattern>
          </Properties>
          <AmmoUser>
            <magazineSize>500</magazineSize>
            <reloadTime>7.9</reloadTime>
            <ammoSet>AmmoSet_6x24mmCharged</ammoSet>
          </AmmoUser>
          <FireModes>
            <aimedBurstShotCount>25</aimedBurstShotCount>
            <aiAimMode>AimedShot</aiAimMode>
          </FireModes>
          <weaponTags>
            <li>CE_MachineGun</li>
            <li>CE_AI_Suppressive</li>
            <li>AdvancedGun</li>
          </weaponTags>
        </li>
		
      </operations>
    </match>
  </Operation>

</Patch>
