<?xml version="1.0" encoding="utf-8" ?>
<Patch>

  <Operation Class="PatchOperationFindMod">
    <mods>
      <li>Vanilla Factions Expanded - Pirates</li>
    </mods>

    <match Class="PatchOperationSequence">
      <operations>

      <!-- ========== VFE Handheld Mini Turret ========== -->
      <li Class="CombatExtended.PatchOperationMakeGunCECompatible">
        <defName>VFEPGun_MiniBlaster</defName>
        <statBases>
          <RangedWeapon_Cooldown>0.36</RangedWeapon_Cooldown>
          <SightsEfficiency>1</SightsEfficiency>
          <ShotSpread>0.07</ShotSpread>
          <SwayFactor>0.82</SwayFactor>
          <Bulk>5.00</Bulk>
        </statBases>
        <Properties>
          <recoilAmount>0.76</recoilAmount>
          <verbClass>CombatExtended.Verb_ShootCE</verbClass>
          <hasStandardCommand>true</hasStandardCommand>
          <defaultProjectile>Bullet_556x45mmNATO_FMJ</defaultProjectile>
          <warmupTime>1.3</warmupTime>
          <range>42</range>
          <ticksBetweenBurstShots>5</ticksBetweenBurstShots>
          <burstShotCount>6</burstShotCount>
          <soundCast>GunShotA</soundCast>
          <soundCastTail>GunTail_Light</soundCastTail>
          <muzzleFlashScale>9</muzzleFlashScale>
          <recoilPattern>Mounted</recoilPattern>
        </Properties>
        <AmmoUser>
          <magazineSize>50</magazineSize>
          <reloadTime>7.8</reloadTime>
        </AmmoUser>      
        <FireModes>
          <aiAimMode>AimedShot</aiAimMode>
          <aimedBurstShotCount>5</aimedBurstShotCount>
        </FireModes>
      </li>

      <!-- === Tools === -->
      <li Class="PatchOperationReplace">
        <xpath>/Defs/ThingDef[defName="VFEPGun_MiniBlaster"]/tools</xpath>
        <value>
          <tools>
          <li Class="CombatExtended.ToolCE">
            <label>barrel</label>
            <capacities>
            <li>Blunt</li>
            </capacities>
            <power>5</power>
            <cooldownTime>2.02</cooldownTime>
            <armorPenetrationBlunt>1.630</armorPenetrationBlunt>
            <linkedBodyPartsGroup>Barrel</linkedBodyPartsGroup>
          </li>
          </tools>
        </value>
      </li>
  
      </operations>
    </match>
  </Operation>

</Patch>
