<?xml version="1.0" encoding="utf-8" ?>
<Defs>
	<RulePackDef>
		<defName>VFEP_NamerRoleCaptain</defName>
		<rulePack>
			<rulesStrings>
				<li>r_roleName(p=7)->[firstPart] [secondPart]</li>
				<li>firstPart->swarthy</li>
				<li>firstPart->foul-mouthed</li>
				<li>firstPart->shady</li>
				<li>firstPart->deceitful</li>
				<li>firstPart->unscrupulous</li>
				<li>firstPart->sly</li>
				<li>firstPart->beguiling</li>
				<li>firstPart->crooked</li>
				<li>firstPart->grungy</li>
				<li>firstPart->strapping</li>
				<li>firstPart->haggard</li>
				<li>firstPart->burly</li>
				<li>firstPart->brawny</li>
				<li>secondPart(p=4)->buccaneer</li>
				<li>secondPart(p=4)->privateer</li>
				<li>secondPart(p=4)->corsair</li>
				<li>secondPart(p=4)->freebooter</li>
				<li>secondPart(p=4)->rover</li>
				<li>secondPart(p=4)->picaroon</li>
				<li>secondPart(p=4)->bootlegger</li>
				<li>secondPart(p=4)->smuggler</li>
				<li>secondPart(p=4)->plunderer</li>
				<li>secondPart(p=4)->rogue</li>
				<li>secondPart(p=4)->pilferer</li>
				<li>secondPart(p=4)->purloiner</li>
			</rulesStrings>
		</rulePack>
	</RulePackDef>
</Defs>























