<?xml version="1.0" encoding="UTF-8"?>
<Defs>

  <SoundDef>
    <defName>VFEP_Shot_GauntletCannon</defName>  
    <context>MapOnly</context>  
    <maxSimultaneous>1</maxSimultaneous>  
    <subSounds>
      <li>
        <grains>
          <li Class="AudioGrain_Clip">
            <clipPath>Shots/Shot_GauntletCannon</clipPath>
          </li>
        </grains>
      </li>
    </subSounds>
  </SoundDef>
  
  <SoundDef>
    <defName>VFEP_Shot_Cannon</defName>  
    <context>MapOnly</context>  
    <maxSimultaneous>1</maxSimultaneous>  
    <subSounds>
      <li>
        <grains>
          <li Class="AudioGrain_Clip">
            <clipPath>Shots/Cannon_Fire</clipPath>
          </li>
        </grains>      
        <volumeRange>35~35</volumeRange>      
      </li>
    </subSounds>
  </SoundDef>
  
  <SoundDef>
    <defName>VFEP_Shot_FieldCannon</defName>  
    <context>MapOnly</context>  
    <maxSimultaneous>1</maxSimultaneous>  
    <subSounds>
      <li>
        <grains>
          <li Class="AudioGrain_Clip">
            <clipPath>Shots/FieldCannon_Fire</clipPath>
          </li>
        </grains>      
        <volumeRange>35~35</volumeRange>      
      </li>
    </subSounds>
  </SoundDef>
  
  <SoundDef>
    <defName>VFEP_Shot_Slugthrower</defName>  
    <context>MapOnly</context>  
    <maxSimultaneous>1</maxSimultaneous>  
    <subSounds>
      <li>
        <grains>
          <li Class="AudioGrain_Clip">
            <clipPath>Shots/Shot_Slugthrower</clipPath>
          </li>
        </grains>      
        <volumeRange>35~35</volumeRange>      
      </li>
    </subSounds>
  </SoundDef>
  
  <SoundDef>
    <defName>VFEP_Shot_HeavyFlamer</defName>  
    <context>MapOnly</context>  
    <maxSimultaneous>1</maxSimultaneous>  
    <subSounds>
      <li>
        <grains>
          <li Class="AudioGrain_Clip">
            <clipPath>Shots/Shot_WarcasketFlamethrower</clipPath>
          </li>
        </grains>      
        <volumeRange>35~35</volumeRange>      
      </li>
    </subSounds>
  </SoundDef>
  
  <SoundDef>
    <defName>VFEP_Shot_GrenadeLauncher</defName>  
    <context>MapOnly</context>  
    <maxSimultaneous>1</maxSimultaneous>  
    <subSounds>
      <li>
        <grains>
          <li Class="AudioGrain_Clip">
            <clipPath>Shots/Shot_WarcasketGrenadeLauncher</clipPath>
          </li>
        </grains>      
        <volumeRange>35~35</volumeRange>      
      </li>
    </subSounds>
  </SoundDef>
  
  <SoundDef>
    <defName>VFEP_Shot_Minigun</defName>  
    <context>MapOnly</context>  
    <maxSimultaneous>1</maxSimultaneous>  
    <subSounds>
      <li>
        <grains>
          <li Class="AudioGrain_Clip">
            <clipPath>Shots/Shot_WarcasketMinigun</clipPath>
          </li>
        </grains>      
        <volumeRange>35~35</volumeRange>      
      </li>
    </subSounds>
  </SoundDef>
  
</Defs>