<?xml version="1.0" encoding="UTF-8"?>
<Defs>

  <SoundDef>
    <defName>VFEP_Ship_CrashLanding</defName>  
    <context>MapOnly</context>
    <maxSimultaneous>1</maxSimultaneous>  
    <subSounds>
      <li>
        <grains>
          <li Class="AudioGrain_Clip">
            <clipPath>Things/GauntletCrashing</clipPath>
          </li>
        </grains>
        <volumeRange>30~30</volumeRange>
        <tempoAffectedByGameSpeed>true</tempoAffectedByGameSpeed>
      </li>
    </subSounds>
  </SoundDef>
  
  <SoundDef>
    <defName>VFEP_PowerJump_Jump</defName>  
    <context>MapOnly</context>  
    <maxSimultaneous>1</maxSimultaneous>  
    <subSounds>
      <li>
        <grains>
          <li Class="AudioGrain_Clip">
            <clipPath>Abilities/PowerJump_Jump</clipPath>
          </li>
        </grains>      
        <volumeRange>35~35</volumeRange>      
      </li>
    </subSounds>
  </SoundDef>
  
  <SoundDef>
    <defName>VFEP_Shot_GrapplingHook</defName>  
    <context>MapOnly</context>  
    <maxSimultaneous>1</maxSimultaneous>  
    <subSounds>
      <li>
        <grains>
          <li Class="AudioGrain_Clip">
            <clipPath>Abilities/Shot_GrapplingHook</clipPath>
          </li>
        </grains>      
        <volumeRange>35~35</volumeRange>      
      </li>
    </subSounds>
  </SoundDef>
  
  <SoundDef>
    <defName>VFEP_SiegeMode_Disengaged</defName>  
    <context>MapOnly</context>  
    <maxSimultaneous>1</maxSimultaneous>  
    <subSounds>
      <li>
        <onCamera>True</onCamera>
        <grains>
          <li Class="AudioGrain_Clip">
            <clipPath>Abilities/SiegeMode_Disengaged</clipPath>
          </li>
        </grains>      
        <volumeRange>35~35</volumeRange>      
      </li>
    </subSounds>
  </SoundDef>
  
  <SoundDef>
    <defName>VFEP_SiegeMode_Engaged</defName>  
    <context>MapOnly</context>  
    <maxSimultaneous>1</maxSimultaneous>  
    <subSounds>
      <li>
        <onCamera>True</onCamera>
        <grains>
          <li Class="AudioGrain_Clip">
            <clipPath>Abilities/SiegeMode_Engaged</clipPath>
          </li>
        </grains>      
        <volumeRange>35~35</volumeRange>      
      </li>
    </subSounds>
  </SoundDef>
  
  <SoundDef>
    <defName>VFEP_RumFinished</defName>  
    <context>MapOnly</context>  
    <maxSimultaneous>1</maxSimultaneous>  
    <subSounds>
      <li>
        <grains>
          <li Class="AudioGrain_Clip">
            <clipPath>Things/RumFinished</clipPath>
          </li>
        </grains>      
        <volumeRange>35~35</volumeRange>      
      </li>
    </subSounds>
  </SoundDef>
  
  <SoundDef>
    <defName>VFEP_CursedCrewOST</defName>  
    <context>MapOnly</context>  
    <maxSimultaneous>1</maxSimultaneous>  
    <subSounds>
      <li>
        <grains>
          <li Class="AudioGrain_Clip">
            <clipPath>Ideology/CursedCrewOST</clipPath>
          </li>
        </grains>      
        <volumeRange>35~35</volumeRange>      
      </li>
    </subSounds>
  </SoundDef>

	<SoundDef>
		<defName>VFEP_PowerJumpPackLand</defName>
		<context>MapOnly</context>
		<maxSimultaneous>1</maxSimultaneous>
		<subSounds>
			<li>
				<grains>
					<li Class="AudioGrain_Folder">
						<clipPath>Misc/JumpPack/JumpPack_Land</clipPath>
					</li>
				</grains>
				<volumeRange>25</volumeRange>
				<pitchRange>1</pitchRange>
			</li>
		</subSounds>
	</SoundDef>
	
  <SoundDef>
    <defName>VFEP_DeployWardrones</defName>  
    <context>MapOnly</context>
    <eventNames />  
    <maxSimultaneous>1</maxSimultaneous>  
    <subSounds>
      <li>
        <grains>
          <li Class="AudioGrain_Clip">
            <clipPath>Things/Interact_LaserGun</clipPath>
          </li>
        </grains>  
        <volumeRange>
          <min>16</min>        
          <max>17</max>
        </volumeRange>  
      </li>
    </subSounds>
  </SoundDef>
  
</Defs>