<?xml version="1.0" encoding="UTF-8"?>
<Defs>

  <SoundDef>
    <defName>VFEP_JumpLaunch</defName>
    <context>MapOnly</context>
    <maxSimultaneous>1</maxSimultaneous>
    <subSounds>
      <li>
        <grains>
          <li Class="AudioGrain_Folder">
            <clipPath>Abilities/VFEP_JumpPack_Launch</clipPath>
          </li>
        </grains>
        <volumeRange>30</volumeRange>
        <pitchRange>1</pitchRange>
      </li>
    </subSounds>
  </SoundDef>
  
</Defs>