<?xml version="1.0" encoding="utf-8"?>
<Defs>
  
  <RulePackDef>
    <defName>VFEM_NamerPersonJunkerUtility</defName>
    <rulePack>
      <rulesFiles>
        <li>Junker_First_Male->Names/Junker_First_Male</li>
        <li>Junker_First_Female->Names/Junker_First_Female</li>
		<li>Junker_Last->Names/Junker_Last</li>
      </rulesFiles>
    </rulePack>
  </RulePackDef>
  
  <RulePackDef>
    <defName>VFEM_NamerPersonJunker</defName>
	<include>
      <li>VFEM_NamerPersonJunkerUtility</li>
    </include>
    <rulePack>
      <rulesStrings>
        <li>r_name(p=2)->[Junker_First_Male] The [Junker_Last]</li>
      </rulesStrings>
    </rulePack>
  </RulePackDef>

  <RulePackDef>
    <defName>VFEM_NamerPersonJunkerFemale</defName>
	<include>
      <li>VFEM_NamerPersonJunkerUtility</li>
    </include>
    <rulePack>
      <rulesStrings>
        <li>r_name(p=2)->[Junker_First_Female] The [Junker_Last]</li>
      </rulesStrings>
    </rulePack>
  </RulePackDef>

</Defs>