﻿<?xml version="1.0" encoding="utf-8" ?>
<Defs>

  <WorkGiverDef>
    <defName>VFEP_DoWelding</defName>
    <label>welding at warcasket foundry</label>
    <giverClass>VFEPirates.WorkGiver_DoWelding</giverClass>
    <workType>Crafting</workType>
    <priorityInType>100</priorityInType>
    <fixedBillGiverDefs>
      <li>VFEP_WarcasketFoundry</li>
    </fixedBillGiverDefs>
    <verb>weld at</verb>
    <gerund>welding at</gerund>
    <requiredCapacities>
      <li>Manipulation</li>
    </requiredCapacities>
    <prioritizeSustains>true</prioritizeSustains>
  </WorkGiverDef>
  
</Defs>