<?xml version="1.0" encoding="utf-8" ?>
<Defs>

  <TraitDef>
    <defName>VFEP_WarcasketTrait</defName>
    <commonality>0</commonality>
	<disabledWorkTags>
	<li>ManualSkilled</li>
	<li>ManualDumb</li>
	<li>Animals</li>
	<li>Commoner</li>
	<li>Artistic</li>
	<li>Caring</li>
	<li>Intellectual</li>
	</disabledWorkTags>
    <degreeDatas>
      <li>
        <label>warcasket</label>
        <description>{PAWN_nameDef} is entombed in a warcasket. No amount of pain will have an effect on them, and they can never go into a pain shock or drop unconscious due to pain. Because of how bulky the armor is and how much energy it takes to use it, {PAWN_nameDef} is not capable of doing any work.</description>
      </li>
    </degreeDatas>
    <modExtensions>
        <li Class="VFECore.TraitExtension">
            <painFactor>0</painFactor>
        </li>
    </modExtensions>
  </TraitDef>
  
  <TraitDef>
    <defName>VFEP_Shellcasket</defName>
    <commonality>0</commonality>
	<disabledWorkTags>
	<li>Social</li>
	<li>Intellectual</li>
	</disabledWorkTags>
    <degreeDatas>
      <li>
        <label>shellcasket</label>
        <description>{PAWN_nameDef} was entombed in a warcasket, and then brutally pulled out of one. The neural and nerve damage from being unplugged is so severe that {PAWN_nameDef} is in constant, agonizing pain and can barely assemble his thoughts. Only installing {PAWN_nameDef} back in a warcasket can cure the symptoms.</description>
        <marketValueFactorOffset>-0.3</marketValueFactorOffset>
      </li>
    </degreeDatas>
  </TraitDef>

</Defs>
