<?xml version="1.0" encoding="utf-8" ?>
<Defs>

<RecipeDef Name="CookRoastedMeat">
		<defName>MakePackageA</defName>
		<label>制作6份美味套餐A</label>
		<description>用烤肉和一点爽口的腌菜制作6份美味套餐A.</description>
		<jobString>Roasting meat.</jobString>
		<workSpeedStat>CookSpeed</workSpeedStat>
		<effectWorking>Cook</effectWorking>
		<workAmount>300</workAmount>
		<soundWorking>Recipe_CookMeal</soundWorking>
		<requiredGiverWorkType>Cooking</requiredGiverWorkType>
		<allowMixingIngredients>true</allowMixingIngredients>
		<ingredientValueGetterClass>IngredientValueGetter_Nutrition</ingredientValueGetterClass>
		<ingredients>
           <li>
              <filter>
                 <thingDefs>
                    <li>RoastedMeat</li>
                 </thingDefs>
              </filter>
              <count>7</count>
           </li>
		   
		   <li>
              <filter>
                 <thingDefs>
                    <li>PickledVeg</li>
                 </thingDefs>
              </filter>
              <count>0.9</count>
           </li>
		</ingredients>
		<products>
			<LYXPackageA>6</LYXPackageA>
		</products>
		<skillRequirements>
			<Cooking>2</Cooking>
		</skillRequirements>
		<workSkill>Cooking</workSkill>
		<recipeUsers>
			<li>Campfire</li>
			<li>TableGrill</li>
			<li>FueledStove</li>
			<li>ElectricStove</li>
		</recipeUsers>
		<researchPrerequisite>Food_00</researchPrerequisite>
	</RecipeDef>
	
	<RecipeDef ParentName="CookMealSpecialBase_SK">
		<defName>MakePackageB</defName>
		<label>制作5份美味套餐B</label>
		<description>用肉汤和曲奇制作5份美味套餐B！</description>
		<jobString>正在制作美味套餐B.</jobString>
		<soundWorking>Chemlab_Medicine_Drink</soundWorking>
		<ingredients>
      <li>
        <filter>
          <thingDefs>
            <li>MeatSoup</li>
          </thingDefs>
        </filter>
        <count>4.25</count>
      </li>
	  
      <li>
        <filter>
          <thingDefs>
            <li>Cookie</li>
          </thingDefs>
        </filter>
        <count>3</count>
      </li>
    </ingredients>
		<products>
			<LYXPackageB>5</LYXPackageB>
		</products>
		<skillRequirements>
			<Cooking>4</Cooking>
		</skillRequirements>
		<recipeUsers>
			<li>FueledStove</li>
			<li>ElectricStove</li>
		</recipeUsers>
		<researchPrerequisite>Food_B3</researchPrerequisite>
	</RecipeDef>
	
	<RecipeDef ParentName="CookMealSpecialBase_SK">
		<defName>MakePackageC</defName>
		<label>制作5份美味套餐C</label>
		<description>用三明治和甜面包制作5份美味套餐C！</description>
		<jobString>正在制作美味套餐C.</jobString>
		<soundWorking>Chemlab_Medicine_Drink</soundWorking>
		<ingredients>
      <li>
        <filter>
          <thingDefs>
            <li>GrilledCheese</li>
          </thingDefs>
        </filter>
        <count>4.25</count>
      </li>
	  
      <li>
        <filter>
          <thingDefs>
            <li>SweetBun</li>
          </thingDefs>
        </filter>
        <count>4</count>
      </li>
    </ingredients>
		<products>
			<LYXPackageC>5</LYXPackageC>
		</products>
		<skillRequirements>
			<Cooking>4</Cooking>
		</skillRequirements>
		<recipeUsers>
			<li>FueledStove</li>
			<li>ElectricStove</li>
		</recipeUsers>
		<researchPrerequisite>Food_B4</researchPrerequisite>
	</RecipeDef>
	
	<RecipeDef ParentName="CookMealSpecialBase_SK">
		<defName>MakePackageD</defName>
		<label>制作5份美味套餐D</label>
		<description>用面包和太妃糖制作5份美味套餐D！</description>
		<jobString>正在制作美味套餐D.</jobString>
		<soundWorking>Chemlab_Medicine_Drink</soundWorking>
		<ingredients>
      <li>
        <filter>
          <thingDefs>
            <li>bread</li>
          </thingDefs>
        </filter>
        <count>7</count>
      </li>
	  
      <li>
        <filter>
          <thingDefs>
            <li>Taffy</li>
          </thingDefs>
        </filter>
        <count>0.6</count>
      </li>
    </ingredients>
		<products>
			<LYXPackageD>5</LYXPackageD>
		</products>
		<skillRequirements>
			<Cooking>4</Cooking>
		</skillRequirements>
		<recipeUsers>
			<li>FueledStove</li>
			<li>ElectricStove</li>
		</recipeUsers>
		<researchPrerequisite>Food_B4</researchPrerequisite>
	</RecipeDef>

<RecipeDef ParentName="CookMealSpecialBase_SK">
		<defName>MakePackageE</defName>
		<label>制作5份美味套餐E</label>
		<description>用汉堡和果汁制作5份美味套餐E!</description>
		<jobString>正在制作美味套餐E.</jobString>
		<workAmount>500</workAmount>
    <ingredients>
      <li>
        <filter>
          <thingDefs>
            <li>CheeseBurger</li>
          </thingDefs>
        </filter>
        <count>9.5</count>
      </li>
	  
      <li>
        <filter>
          <thingDefs>
            <li>FruitDrink</li>
          </thingDefs>
        </filter>
        <count>0.75</count>
      </li>
    </ingredients>
		<products>
			<LYXPackageE>5</LYXPackageE>
		</products>
		<skillRequirements>
			<Cooking>2</Cooking>
		</skillRequirements>
		<recipeUsers>
			<li>ElectricStove_Pro</li>
		</recipeUsers>
		<researchPrerequisite>PackagedSurvivalMeal</researchPrerequisite>
	</RecipeDef>
	
</Defs>