<?xml version="1.0" encoding="UTF-8"?>
<Patch>
   <Operation Class="PatchOperationFindMod">
      <mods>
         <li>Vanilla Weapons Expanded - Laser</li>
      </mods>
      <match Class="PatchOperationSequence">
         <operations>
            <li Class="PatchOperationAdd">
               <xpath>/Defs</xpath>
               <value>
                  <ThingDef ParentName="VFEP_BaseWarcasketGun">
                     <defName>VFEP_WarcasketGun_SalvagedLaserEradicator</defName>
                     <label>warcasket salvaged laser eradicator</label>
                     <description>A rather complicated piece of laser technology that was primarily developed as a siege weapon to generate explosions within hardened bunkers. In order to miniaturize an emplacement weapon without needing a massive power unit, the shoulder-mounted laser fires in irregular pulses with a frequency between kHz and MHz. The results are hard to dispute as it can cause a devastating blast, however it has a limited effective range and a long warm-up period to charge the capacitor banks.</description>
                     <techLevel>Ultra</techLevel>
                     <graphicData>
                        <texPath>Things/Item/Weapons/WarcasketSalvagedLaserEradicator</texPath>
                        <graphicClass>Graphic_Single</graphicClass>
                     </graphicData>
                     <soundInteract>VWE_Interact_UnstableLaserGun</soundInteract>
                     <statBases>
                        <MarketValue>4100</MarketValue>
                        <WorkToMake>125000</WorkToMake>
                        <Mass>40</Mass>
                        <AccuracyTouch>0.78</AccuracyTouch>
                        <AccuracyShort>0.72</AccuracyShort>
                        <AccuracyMedium>0.70</AccuracyMedium>
                        <AccuracyLong>0.64</AccuracyLong>
                        <RangedWeapon_Cooldown>2.0</RangedWeapon_Cooldown>
                     </statBases>
                     <weaponTags>
                        <li>WarcasketVeteran</li>
                     </weaponTags>
                     <verbs>
                        <li>
                           <verbClass>Verb_Shoot</verbClass>
                           <hasStandardCommand>true</hasStandardCommand>
                           <defaultProjectile>VWEP_Bullet_WarcasketSalvagedLaserEradicator</defaultProjectile>
                           <warmupTime>4.4</warmupTime>
                           <range>21.9</range>
                           <ticksBetweenBurstShots>12</ticksBetweenBurstShots>
                           <burstShotCount>1</burstShotCount>
                           <soundCast>VWE_UnstableLaserShot_Heavy</soundCast>
                           <soundCastTail>GunTail_Heavy</soundCastTail>
                           <muzzleFlashScale>14</muzzleFlashScale>
                        </li>
                     </verbs>
                     <tools>
                        <li>
                           <label>barrel</label>
                           <capacities>
                              <li>Blunt</li>
                           </capacities>
                           <power>11.7</power>
                           <cooldownTime>2.6</cooldownTime>
                        </li>
                     </tools>
                     <comps>
                        <li Class="CompOversizedWeapon.CompProperties_OversizedWeapon">
                           <eastOffset>(0,0,-0.18)</eastOffset>
                           <westOffset>(0,0,-0.18)</westOffset>
                           <southOffset>(0,0,-0.18)</southOffset>
                           <northOffset>(0,0,-0.18)</northOffset>
                        </li>
                        <li Class="VanillaWeaponsExpandedLaser.CompProperties_LaserCapacitor">
                           <UiIconPath>UI/EnableWarmup/EnableWarmup</UiIconPath>
                           <WarmUpReductionPerShot>2</WarmUpReductionPerShot>
                           <Overheats>true</Overheats>
                           <OverheatDestroys>false</OverheatDestroys>
                           <OverheatBlastDamageDef>Burn</OverheatBlastDamageDef>
                           <OverheatBlastExtraDamage>8</OverheatBlastExtraDamage>
                           <OverheatBlastRadius>2</OverheatBlastRadius>
                           <OverheatChance>0.1</OverheatChance>
                           <OverheatMoteThrown>HeatGlow</OverheatMoteThrown>
                           <OverheatMoteSize>1</OverheatMoteSize>
                        </li>
                     </comps>
                     <modExtensions>
                        <li Class="VFECore.FloorGraphicExtension">
                           <graphicData>
                              <graphicClass>Graphic_Single</graphicClass>
                              <texPath>Things/Item/WeaponsBoxed/WarcasketSalvagedLaserEradicator_OnFloor</texPath>
                              <onGroundRandomRotateAngle>0</onGroundRandomRotateAngle>
                              <drawSize>1</drawSize>
                           </graphicData>
                        </li>
                     </modExtensions>
                  </ThingDef>
                  <ThingDef ParentName="VFEP_WarcasketWeaponBoxBase">
                     <defName>VFEP_Box_SalvagedLaserEradicator</defName>
                     <label>warcasket salvaged laser eradicator</label>
                     <description>A rather complicated piece of laser technology that was primarily developed as a siege weapon to generate explosions within hardened bunkers. In order to miniaturize an emplacement weapon without needing a massive power unit, the shoulder-mounted laser fires in irregular pulses with a frequency between kHz and MHz. The results are hard to dispute as it can cause a devastating blast, however it has a limited effective range and a long warm-up period to charge the capacitor banks.</description>
                     <graphicData>
                        <texPath>Things/Item/WeaponsBoxed/WarcasketSalvagedLaserEradicator_OnFloor</texPath>
                     </graphicData>
                     <costList>
                        <Steel>100</Steel>
                        <Plasteel>80</Plasteel>
                        <ComponentSpacer>16</ComponentSpacer>
                     </costList>
                     <statBases>
                        <MarketValue>4100</MarketValue>
                        <Mass>40</Mass>
                        <WorkToBuild>125000</WorkToBuild>
                     </statBases>
                     <researchPrerequisites>
                        <li>VWE_LaserWeapons</li>
                     </researchPrerequisites>
                     <comps>
                        <li Class="VFEPirates.CompProperties_WeaponBox">
                           <weaponToEquip>VFEP_WarcasketGun_SalvagedLaserEradicator</weaponToEquip>
                        </li>
                     </comps>
                  </ThingDef>
                  <ThingDef ParentName="VWEL_Bullet_LaserGeneric" Class="VanillaWeaponsExpandedLaser.LaserBeamDef">
                     <defName>VWEP_Bullet_WarcasketSalvagedLaserEradicator</defName>
                     <label>unstable laser shot</label>
                     <description>An unstable laser beam.</description>
					 <thingClass>VFEPirates.Projectile_LaserEradicator</thingClass>
                     <textures>
                        <li>Things/Projectile/Shot_SalvagedLaserSniperRifle</li>
                     </textures>
                     <seam>0.1</seam>
                     <causefireChance>0.2</causefireChance>
                     <beamWidth>1.5</beamWidth>
                     <lifetime>120</lifetime>
                     <projectile>
                        <damageDef>Bomb</damageDef>
                        <explosionRadius>2.9</explosionRadius>
                        <damageAmountBase>40</damageAmountBase>
                        <armorPenetrationBase>0.5</armorPenetrationBase>
                        <stoppingPower>1</stoppingPower>
                     </projectile>
                  </ThingDef>
                  <!-- laser blaster -->
                  <ThingDef ParentName="VFEP_BaseWarcasketGun">
                     <defName>VFEP_WarcasketGun_LaserBlaster</defName>
                     <label>warcasket laser blaster</label>
                     <description>An enlarged laser weapon, combining both modern and antique methods into a compact package. Taking advantage of a greater weight tolerance, this system includes a revolver cylinder using advanced battery cells instead of cartridges. This allows the weapon to fire more powerful shots at a slower warmup reduction, meaning safer sustained fire for the operator.</description>
                     <techLevel>Ultra</techLevel>
                     <graphicData>
                        <texPath>Things/Item/Weapons/WarcasketLaserBolter</texPath>
                        <graphicClass>Graphic_Single</graphicClass>
                     </graphicData>
                     <soundInteract>VWE_Interact_LaserGun</soundInteract>
                     <statBases>
                        <MarketValue>3200</MarketValue>
                        <WorkToMake>100000</WorkToMake>
                        <Mass>30</Mass>
                        <AccuracyTouch>0.70</AccuracyTouch>
                        <AccuracyShort>0.83</AccuracyShort>
                        <AccuracyMedium>0.86</AccuracyMedium>
                        <AccuracyLong>0.72</AccuracyLong>
                        <RangedWeapon_Cooldown>0.6</RangedWeapon_Cooldown>
                     </statBases>
                     <weaponTags>
                        <li>WarcasketVeteran</li>
                     </weaponTags>
                     <verbs>
                        <li>
                           <verbClass>Verb_Shoot</verbClass>
                           <hasStandardCommand>true</hasStandardCommand>
                           <defaultProjectile>VWEL_Bullet_LaserRifle</defaultProjectile>
                           <warmupTime>2.6</warmupTime>
                           <range>24.9</range>
                           <ticksBetweenBurstShots>12</ticksBetweenBurstShots>
                           <burstShotCount>1</burstShotCount>
                           <soundCast>VWE_LaserShot_Rifle</soundCast>
                           <soundCastTail>GunTail_Heavy</soundCastTail>
                           <muzzleFlashScale>14</muzzleFlashScale>
                        </li>
                     </verbs>
                     <tools>
                        <li>
                           <label>barrel</label>
                           <capacities>
                              <li>Blunt</li>
                           </capacities>
                           <power>11.7</power>
                           <cooldownTime>2.6</cooldownTime>
                        </li>
                     </tools>
                     <comps>
                        <li Class="CompOversizedWeapon.CompProperties_OversizedWeapon">
                           <eastOffset>(0,0,-0.18)</eastOffset>
                           <westOffset>(0,0,-0.18)</westOffset>
                           <southOffset>(0,0,-0.18)</southOffset>
                           <northOffset>(0,0,-0.18)</northOffset>
                        </li>
                        <li Class="VanillaWeaponsExpandedLaser.CompProperties_LaserCapacitor">
                           <UiIconPath>UI/EnableWarmup/EnableWarmup</UiIconPath>
                           <WarmUpReductionPerShot>0.225</WarmUpReductionPerShot>
                           <Overheats>true</Overheats>
                           <OverheatDestroys>false</OverheatDestroys>
                           <OverheatBlastDamageDef>Burn</OverheatBlastDamageDef>
                           <OverheatBlastExtraDamage>3</OverheatBlastExtraDamage>
                           <OverheatBlastRadius>1.5</OverheatBlastRadius>
                           <OverheatChance>0.05</OverheatChance>
                           <OverheatMoteThrown>HeatGlow</OverheatMoteThrown>
                           <OverheatMoteSize>0.5</OverheatMoteSize>
                        </li>
                     </comps>
                     <modExtensions>
                        <li Class="VFECore.FloorGraphicExtension">
                           <graphicData>
                              <graphicClass>Graphic_Single</graphicClass>
                              <texPath>Things/Item/WeaponsBoxed/WarcasketLaserBolter_OnFloor</texPath>
                              <onGroundRandomRotateAngle>0</onGroundRandomRotateAngle>
                              <drawSize>1</drawSize>
                           </graphicData>
                        </li>
                     </modExtensions>
                  </ThingDef>
                  <ThingDef ParentName="VFEP_WarcasketWeaponBoxBase">
                     <defName>VFEP_Box_WarcasketLaserBolter</defName>
                     <label>warcasket laser bolter</label>
                     <description>An enlarged laser weapon, combining both modern and antique methods into a compact package. Taking advantage of a greater weight tolerance, this system includes a revolver cylinder using advanced battery cells instead of cartridges. This allows the weapon to fire more powerful shots at a slower warmup reduction, meaning safer sustained fire for the operator.</description>
                     <graphicData>
                        <texPath>Things/Item/WeaponsBoxed/WarcasketLaserBolter_OnFloor</texPath>
                     </graphicData>
                     <costList>
                        <Steel>75</Steel>
                        <Plasteel>100</Plasteel>
                        <ComponentSpacer>8</ComponentSpacer>
                     </costList>
                     <statBases>
                        <MarketValue>3200</MarketValue>
                        <Mass>30</Mass>
                        <WorkToBuild>100000</WorkToBuild>
                     </statBases>
                     <researchPrerequisites>
                        <li>VWE_UltratechLaserWeapons</li>
                        <li>VFEP_SpacerWarcasketWeaponry</li>
                     </researchPrerequisites>
                     <comps>
                        <li Class="VFEPirates.CompProperties_WeaponBox">
                           <weaponToEquip>VFEP_WarcasketGun_LaserBlaster</weaponToEquip>
                        </li>
                     </comps>
                  </ThingDef>
                  <ThingDef ParentName="VWEL_Bullet_LaserGeneric" Class="VanillaWeaponsExpandedLaser.LaserBeamDef">
                     <defName>VWEL_Bullet_LaserRifle</defName>
                     <label>laser shot</label>
                     <description>A focused laser beam.</description>
                     <textures>
                        <li>Things/Projectile/Shot_LaserRifle</li>
                     </textures>
                     <seam>0</seam>
                     <causefireChance>1.0</causefireChance>
                     <projectile>
                        <damageDef>Bullet</damageDef>
                        <damageAmountBase>12</damageAmountBase>
                        <armorPenetrationBase>0.60</armorPenetrationBase>
                        <stoppingPower>1.5</stoppingPower>
                     </projectile>
                  </ThingDef>
               </value>
            </li>
         </operations>
      </match>
   </Operation>
</Patch>

