﻿<?xml version="1.0" encoding="utf-8"?>
<Defs>

	<VFEPirates.WarcasketDef ParentName="VFEP_WarcasketPartBase" Name="VFEP_WarcasketHelmetBase" Abstract="True">
		<shortDescription>short desc</shortDescription>
		<isHelmet>true</isHelmet>
		<modExtensions>
			<li Class="VFECore.ApparelDrawPosExtension">
				<headgearDrawSettings>
					<drawPosNorthOffset>(0, 0, 0.07)</drawPosNorthOffset>
					<drawPosSouthOffset>(0, 0.2, 0.07)</drawPosSouthOffset>
					<drawPosWestOffset>(-0.07, 0, 0.07)</drawPosWestOffset>
					<drawPosEastOffset>(0.07, 0, 0.07)</drawPosEastOffset>
					<!--
				<drawNorthSize>(2, 2)</drawNorthSize>
				<drawSouthSize>(2, 2)</drawSouthSize>
				<drawWestSize>(2, 2)</drawWestSize>
				<drawEastSize>(2, 2)</drawEastSize> -->
				</headgearDrawSettings>
				<isUnifiedApparel>true</isUnifiedApparel>
				<hideHead>true</hideHead>
			</li>
		</modExtensions>
	</VFEPirates.WarcasketDef>

	<VFEPirates.WarcasketDef ParentName="VFEP_WarcasketHelmetBase">
		<defName>VFEP_WarcasketHelmet_Warcasket</defName>
		<label>warcasket helmet</label>
		<shortDescription>Basic warcasket helmet with baseline protection and weight.</shortDescription>
		<description>Basic warcasket helmet with baseline protection and weight.\n\nA 3rd generation warcasket which was the first to enter mass production, its design was based off of a combination of an upscaled astrominer’s powered rig and early iterations of bionic limb interfaces. As pirates have ample supply of “willing” human test subjects, they were deployed before power armor finished the prototype phase. The lead scientist on the project was quoted “you can’t make an omelette without breaking health and safety.”</description>
		<graphicData>
			<texPath>Things/Pawn/Warcasketlike/Warcasket/WarcasketHelmet</texPath>
		</graphicData>
		<uiIconScale>1.25</uiIconScale>
		<statBases>
			<Mass>5</Mass>
			<ArmorRating_Sharp>1.06</ArmorRating_Sharp>
			<ArmorRating_Blunt>0.55</ArmorRating_Blunt>
			<ArmorRating_Heat>0.64</ArmorRating_Heat>
			<Insulation_Cold>4</Insulation_Cold>
			<Insulation_Heat>2</Insulation_Heat>
			<EquipDelay>1</EquipDelay>
		</statBases>
		<equippedStatOffsets>
			<MoveSpeed>-0.1</MoveSpeed>
			<SlaveSuppressionOffset MayRequire="Ludeon.RimWorld.Ideology">0.1</SlaveSuppressionOffset>
		</equippedStatOffsets>
		<costList>
			<ComponentIndustrial>6</ComponentIndustrial>
			<ComponentSpacer>1</ComponentSpacer>
			<Plasteel>50</Plasteel>
		</costList>
		<researchPrerequisites>
			<li>VFEP_Warcaskets</li>
		</researchPrerequisites>
		<apparel>
			<bodyPartGroups>
				<li>FullHead</li>
			</bodyPartGroups>
			<wornGraphicPath>Things/Pawn/Warcasketlike/Warcasket/WarcasketHelmet</wornGraphicPath>
			<layers>
				<li>Overhead</li>
			</layers>
			<tags>
				<li>Warcasket</li>
				<li>WarcasketVeteran</li>
				<li>WarcasketAll</li>
			</tags>
		</apparel>
	</VFEPirates.WarcasketDef>

	<VFEPirates.WarcasketDef ParentName="VFEP_WarcasketHelmetBase">
		<defName>VFEP_WarcasketHelmet_Marine</defName>
		<label>marine warcasket helmet</label>
		<shortDescription>Advanced warcasket helmet with improved protection for similar weight.</shortDescription>
		<description>Advanced warcasket helmet with improved protection for similar weight.\n\nThe 4th generation warcaskets entered development as power armor started to be deployed in military anti-piracy operations. While the more advanced and adjustable marine armour was successful against those who couldn’t field warcaskets, their construction was already being imitated by reverse engineering the superior power supply units and armor design improvements, along with considerably thicker plating supported by stronger hydraulics.</description>
		<graphicData>
			<texPath>Things/Pawn/Warcasketlike/WarcasketMarine/WarcasketMarineHelmet</texPath>
		</graphicData>
		<uiIconScale>1.25</uiIconScale>
		<statBases>
			<Mass>8</Mass>
			<ArmorRating_Sharp>1.20</ArmorRating_Sharp>
			<ArmorRating_Blunt>0.65</ArmorRating_Blunt>
			<ArmorRating_Heat>0.74</ArmorRating_Heat>
			<Insulation_Cold>5</Insulation_Cold>
			<Insulation_Heat>2</Insulation_Heat>
			<EquipDelay>1</EquipDelay>
		</statBases>
		<equippedStatOffsets>
			<MoveSpeed>-0.1</MoveSpeed>
			<SlaveSuppressionOffset MayRequire="Ludeon.RimWorld.Ideology">0.1</SlaveSuppressionOffset>
		</equippedStatOffsets>
		<costList>
			<ComponentIndustrial>6</ComponentIndustrial>
			<ComponentSpacer>1</ComponentSpacer>
			<Plasteel>70</Plasteel>
			<Compaste>10</Compaste>
			<SyntheticFibers>6</SyntheticFibers>
		</costList>
		<researchPrerequisites>
			<li>VFEP_AdvancedWarcaskets</li>
		</researchPrerequisites>
		<apparel>
			<bodyPartGroups>
				<li>FullHead</li>
			</bodyPartGroups>
			<wornGraphicPath>Things/Pawn/Warcasketlike/WarcasketMarine/WarcasketMarineHelmet</wornGraphicPath>
			<layers>
				<li>Overhead</li>
			</layers>
			<tags>
				<li>WarcasketVeteran</li>
				<li>WarcasketAll</li>
			</tags>
		</apparel>
	</VFEPirates.WarcasketDef>

	<VFEPirates.WarcasketDef ParentName="VFEP_WarcasketHelmetBase">
		<defName>VFEP_WarcasketHelmet_Recon</defName>
		<label>recon warcasket helmet</label>
		<shortDescription>Advanced warcasket helmet with improved environment protection and reduced weight.</shortDescription>
		<description>Advanced warcasket helmet with improved environment protection and reduced weight.\n\n5th generation warcaskets were created with a much shorter period between generations, largely being slight specializations of the previous one. The Recon design was made with the goal of having it rapidly going behind enemy lines and taking out important personnel, such as doctors, armorers, engineers and botanists. They were typically armed with a warcasket knife to eliminate armed guards, their motto being “get busy moving or get busy dying”.</description>
		<graphicData>
			<texPath>Things/Pawn/Warcasketlike/WarcasketRecon/WarcasketReconHelmet</texPath>
		</graphicData>
		<uiIconScale>1.25</uiIconScale>
		<statBases>
			<Mass>4</Mass>
			<ArmorRating_Sharp>1.02</ArmorRating_Sharp>
			<ArmorRating_Blunt>0.60</ArmorRating_Blunt>
			<ArmorRating_Heat>0.66</ArmorRating_Heat>
			<Insulation_Cold>12</Insulation_Cold>
			<Insulation_Heat>4</Insulation_Heat>
			<EquipDelay>1</EquipDelay>
		</statBases>
		<equippedStatOffsets>
			<SlaveSuppressionOffset MayRequire="Ludeon.RimWorld.Ideology">0.1</SlaveSuppressionOffset>
		</equippedStatOffsets>
		<costList>
			<ComponentIndustrial>6</ComponentIndustrial>
			<ComponentSpacer>1</ComponentSpacer>
			<Plasteel>80</Plasteel>
			<Compaste>10</Compaste>
			<SyntheticFibers>6</SyntheticFibers>
		</costList>
		<researchPrerequisites>
			<li>VFEP_AdvancedWarcaskets</li>
		</researchPrerequisites>
		<apparel>
			<bodyPartGroups>
				<li>FullHead</li>
			</bodyPartGroups>
			<wornGraphicPath>Things/Pawn/Warcasketlike/WarcasketRecon/WarcasketReconHelmet</wornGraphicPath>
			<layers>
				<li>Overhead</li>
			</layers>
			<tags>
				<li>WarcasketVeteran</li>
				<li>WarcasketAll</li>
			</tags>
		</apparel>
	</VFEPirates.WarcasketDef>

	<VFEPirates.WarcasketDef ParentName="VFEP_WarcasketHelmetBase">
		<defName>VFEP_WarcasketHelmet_Cataphract</defName>
		<label>cataphract warcasket helmet</label>
		<shortDescription>Advanced warcasket helmet with superior protection and worse weight.</shortDescription>
		<description>Advanced warcasket helmet with superior protection and worse weight.\n\n5th generation warcaskets were created with a much shorter period between generations, largely being slight specializations of the previous one. The Cataphract design was made with the goal of having it tie up as many enemy assets as possible, drawing enemy fire and laying down suppressive fire. The pilots of these suits were particularly fearless and preferred deploying with warcasket minguns, often spouting “I ain’t got time to bleed”.</description>
		<graphicData>
			<texPath>Things/Pawn/Warcasketlike/WarcasketCataphract/WarcasketCataphractHelmet</texPath>
		</graphicData>
		<uiIconScale>1.25</uiIconScale>
		<statBases>
			<Mass>8</Mass>
			<ArmorRating_Sharp>1.56</ArmorRating_Sharp>
			<ArmorRating_Blunt>0.65</ArmorRating_Blunt>
			<ArmorRating_Heat>0.78</ArmorRating_Heat>
			<Insulation_Cold>4</Insulation_Cold>
			<Insulation_Heat>2</Insulation_Heat>
			<EquipDelay>1</EquipDelay>
		</statBases>
		<equippedStatOffsets>
			<MoveSpeed>-0.15</MoveSpeed>
			<SlaveSuppressionOffset MayRequire="Ludeon.RimWorld.Ideology">0.1</SlaveSuppressionOffset>
		</equippedStatOffsets>
		<costList>
			<ComponentIndustrial>6</ComponentIndustrial>
			<ComponentSpacer>1</ComponentSpacer>
			<Plasteel>80</Plasteel>
			<Compaste>10</Compaste>
			<SyntheticFibers>6</SyntheticFibers>
		</costList>
		<researchPrerequisites>
			<li>VFEP_AdvancedWarcaskets</li>
		</researchPrerequisites>
		<apparel>
			<bodyPartGroups>
				<li>FullHead</li>
			</bodyPartGroups>
			<wornGraphicPath>Things/Pawn/Warcasketlike/WarcasketCataphract/WarcasketCataphractHelmet</wornGraphicPath>
			<layers>
				<li>Overhead</li>
			</layers>
			<tags>
				<li>WarcasketHeavy</li>
				<li>WarcasketCata</li>
				<li>WarcasketAll</li>
			</tags>
		</apparel>
	</VFEPirates.WarcasketDef>

	<VFEPirates.WarcasketDef ParentName="VFEP_WarcasketHelmetBase">
		<defName>VFEP_WarcasketHelmet_Aerial</defName>
		<label>aerial warcasket helmet</label>
		<shortDescription>Specialized warcasket helmet with superior protection for similar weight, aerodynamically designed with onboard telemetry for jump calculation.</shortDescription>
		<description>Specialized warcasket helmet with superior protection for similar weight, aerodynamically designed with onboard telemetry for jump calculation.\n\nThe 7th generation warcaskets came after underwhelming results in improving the baseline performance even further, instead focusing on creating designs that - while interchangeable - work better as a set. They were also the first to include plasteel in the design as it appeared more frequently in scavenging and looting. Each piece has a unique function that synergises with those of the same series, making them a truly separate class of mobile armor units.\n\nThe Aerial series is based on the Marine design with a few improvements in key areas, namely that the plating was made more aerodynamic and the addition of shoulder thrusters. The primary goal was to get the pilot behind enemy lines or even right in the middle of them to tie up high priority targets, giving them the catchphrase “death from above”.</description>
		<graphicData>
			<texPath>Things/Pawn/Warcasketlike/WarcasketAerial/WarcasketAerialHelmet</texPath>
		</graphicData>
		<uiIconScale>1.25</uiIconScale>
		<statBases>
			<Mass>5</Mass>
			<ArmorRating_Sharp>1.65</ArmorRating_Sharp>
			<ArmorRating_Blunt>0.72</ArmorRating_Blunt>
			<ArmorRating_Heat>0.86</ArmorRating_Heat>
			<Insulation_Cold>4</Insulation_Cold>
			<Insulation_Heat>2</Insulation_Heat>
			<EquipDelay>1</EquipDelay>
		</statBases>
		<equippedStatOffsets>
			<MoveSpeed>-0.1</MoveSpeed>
			<VFEP_PowerJumpRange>10</VFEP_PowerJumpRange>
			<SlaveSuppressionOffset MayRequire="Ludeon.RimWorld.Ideology">0.1</SlaveSuppressionOffset>
		</equippedStatOffsets>
		<costList>
			<ComponentSpacer>4</ComponentSpacer>
			<SteelBar>50</SteelBar>
			<DepletedUranium>15</DepletedUranium>
			<Carbon>8</Carbon>
			<ChitinPlating>8</ChitinPlating>
			<Compaste>10</Compaste>
			<SyntheticFibers>10</SyntheticFibers>
		</costList>
		<researchPrerequisites>
			<li>VFEP_SpecialisedWarcaskets</li>
		</researchPrerequisites>
		<apparel>
			<bodyPartGroups>
				<li>FullHead</li>
			</bodyPartGroups>
			<wornGraphicPath>Things/Pawn/Warcasketlike/WarcasketAerial/WarcasketAerialHelmet</wornGraphicPath>
			<layers>
				<li>Overhead</li>
			</layers>
			<tags>
				<li>WarcasketHussar</li>
				<li>WarcasketAll</li>
			</tags>
		</apparel>
	</VFEPirates.WarcasketDef>

	<VFEPirates.WarcasketDef ParentName="VFEP_WarcasketHelmetBase">
		<defName>VFEP_WarcasketHelmet_Barrage</defName>
		<label>barrage warcasket helmet</label>
		<shortDescription>Specialized warcasket helmet with peerless protection and worse weight, with onboard rangefinders and pneumatic canisters.</shortDescription>
		<description>Specialized warcasket helmet with peerless protection and worse weight, with onboard rangefinders and pneumatic canisters.\n\nThe 7th generation warcaskets came after underwhelming results in improving the baseline performance even further, instead focusing on creating designs that - while interchangeable - work better as a set. They were also the first to include plasteel in the design as it appeared more frequently in scavenging and looting. Each piece has a unique function that synergises with those of the same series, making them a truly separate class of mobile armor units.\n\nThe Barrage series makes numerous additions to the Cataphract series, with even heavier armour plating and the addition of weapons platform stabilizers “borrowed wholesale” from navy vessels. The objective was to put as much firepower downrange as possible while ignoring incoming enemy fire, their catchphrase being “dodge this”.</description>
		<graphicData>
			<texPath>Things/Pawn/Warcasketlike/WarcasketBarrage/WarcasketBarrageHelmet</texPath>
		</graphicData>
		<uiIconScale>1.25</uiIconScale>
		<statBases>
			<Mass>12</Mass>
			<ArmorRating_Sharp>2.0</ArmorRating_Sharp>
			<ArmorRating_Blunt>0.9</ArmorRating_Blunt>
			<ArmorRating_Heat>1.08</ArmorRating_Heat>
			<Insulation_Cold>4</Insulation_Cold>
			<Insulation_Heat>2</Insulation_Heat>
			<EquipDelay>1</EquipDelay>
		</statBases>
		<equippedStatOffsets>
			<MoveSpeed>-0.2</MoveSpeed>
			<SlaveSuppressionOffset MayRequire="Ludeon.RimWorld.Ideology">0.1</SlaveSuppressionOffset>
		</equippedStatOffsets>
		<costList>
			<ComponentSpacer>4</ComponentSpacer>
			<SteelBar>50</SteelBar>
			<DepletedUranium>15</DepletedUranium>
			<Carbon>8</Carbon>
			<ChitinPlating>8</ChitinPlating>
			<Compaste>10</Compaste>
			<SyntheticFibers>10</SyntheticFibers>
		</costList>
		<researchPrerequisites>
			<li>VFEP_SpecialisedWarcaskets</li>
		</researchPrerequisites>
		<apparel>
			<bodyPartGroups>
				<li>FullHead</li>
			</bodyPartGroups>
			<wornGraphicPath>Things/Pawn/Warcasketlike/WarcasketBarrage/WarcasketBarrageHelmet</wornGraphicPath>
			<layers>
				<li>Overhead</li>
			</layers>
			<tags>
				<li>WarcasketSpecialised</li>
				<li>WarcasketSuperHeavy</li>
				<li>WarcasketAll</li>
			</tags>
		</apparel>
	</VFEPirates.WarcasketDef>

	<VFEPirates.WarcasketDef ParentName="VFEP_WarcasketHelmetBase">
		<defName>VFEP_WarcasketHelmet_Hazard</defName>
		<label>hazard warcasket helmet</label>
		<shortDescription>Specialized warcasket helmet with peerless environment protection for similar weight, fitted with top-of-the-line filtration system and psychic dampeners.</shortDescription>
		<description>Specialized warcasket helmet with peerless environment protection for similar weight, fitted with top-of-the-line filtration system and psychic dampeners.\n\nThe 7th generation warcaskets came after underwhelming results in improving the baseline performance even further, instead focusing on creating designs that - while interchangeable - work better as a set. They were also the first to include plasteel in the design as it appeared more frequently in scavenging and looting. Each piece has a unique function that synergises with those of the same series, making them a truly separate class of mobile armor units.\n\nThe Hazard series was arguably one of the first of the 7th gen warcaskets, and was designed with utility in mind. The pilot can comfortably walk through a blazing inferno and excessive radiation, either when scavenging the remains of a battle or making its way to overload a ship’s nuclear reactor. Ironically, these pilots’ favourite saying is “I love the smell of napalm, it smells like money”.</description>
		<graphicData>
			<texPath>Things/Pawn/Warcasketlike/WarcasketHazard/WarcasketHazardHelmet</texPath>
		</graphicData>
		<uiIconScale>1.25</uiIconScale>
		<statBases>
			<Mass>5</Mass>
			<ArmorRating_Sharp>1.2</ArmorRating_Sharp>
			<ArmorRating_Blunt>0.65</ArmorRating_Blunt>
			<ArmorRating_Heat>2.0</ArmorRating_Heat>
			<Insulation_Cold>14</Insulation_Cold>
			<Insulation_Heat>12</Insulation_Heat>
			<EquipDelay>1</EquipDelay>
		</statBases>
		<equippedStatOffsets>
			<MoveSpeed>-0.1</MoveSpeed>
			<SlaveSuppressionOffset MayRequire="Ludeon.RimWorld.Ideology">0.1</SlaveSuppressionOffset>
		</equippedStatOffsets>
		<costList>
			<ComponentSpacer>4</ComponentSpacer>
			<SteelBar>50</SteelBar>
			<DepletedUranium>15</DepletedUranium>
			<Carbon>8</Carbon>
			<ChitinPlating>8</ChitinPlating>
			<Compaste>10</Compaste>
			<SyntheticFibers>10</SyntheticFibers>
		</costList>
		<researchPrerequisites>
			<li>VFEP_SpecialisedWarcaskets</li>
		</researchPrerequisites>
		<apparel>
			<bodyPartGroups>
				<li>FullHead</li>
			</bodyPartGroups>
			<wornGraphicPath>Things/Pawn/Warcasketlike/WarcasketHazard/WarcasketHazardHelmet</wornGraphicPath>
			<layers>
				<li>Overhead</li>
			</layers>
			<tags>
				<li>WarcasketSpecialised</li>
				<li>WarcasketFlamer</li>
				<li>WarcasketAll</li>
			</tags>
		</apparel>
		<modExtensions>
			<li Class="VFECore.ApparelExtension">
				<equippedStatFactors>
					<PsychicSensitivity>0</PsychicSensitivity>
					<ToxicSensitivity>0</ToxicSensitivity>
				</equippedStatFactors>
			</li>
		</modExtensions>
	</VFEPirates.WarcasketDef>

	<VFEPirates.WarcasketDef ParentName="VFEP_WarcasketHelmetBase">
		<defName>VFEP_WarcasketHelmet_Shock</defName>
		<label>shock warcasket helmet</label>
		<shortDescription>Specialized warcasket helmet with superior protection for similar weight, equipped with warning and prediction systems that reduce reaction time latency.</shortDescription>
		<description>Specialized warcasket helmet with superior protection for similar weight, equipped with warning and prediction systems that reduce reaction time latency.\n\nThe 7th generation warcaskets came after underwhelming results in improving the baseline performance even further, instead focusing on creating designs that - while interchangeable - work better as a set. They were also the first to include plasteel in the design as it appeared more frequently in scavenging and looting. Each piece has a unique function that synergises with those of the same series, making them a truly separate class of mobile armor units.\n\nThe Shock series differs from the Aerial series in that the goal was not jump into action but practically be deployed from orbit right in the middle of an enemy base. Typically armed with a warcasket broadsword, they excel in melee combat while also benefiting from enemy friendly fire. Their warcry usually is “you’re all trapped here with me”.</description>
		<graphicData>
			<texPath>Things/Pawn/Warcasketlike/WarcasketShock/WarcasketShockHelmet</texPath>
		</graphicData>
		<uiIconScale>1.25</uiIconScale>
		<statBases>
			<Mass>10</Mass>
			<ArmorRating_Sharp>1.65</ArmorRating_Sharp>
			<ArmorRating_Blunt>1.24</ArmorRating_Blunt>
			<ArmorRating_Heat>0.86</ArmorRating_Heat>
			<Insulation_Cold>4</Insulation_Cold>
			<Insulation_Heat>2</Insulation_Heat>
			<EquipDelay>1</EquipDelay>
		</statBases>
		<equippedStatOffsets>
			<MoveSpeed>-0.1</MoveSpeed>
			<SlaveSuppressionOffset MayRequire="Ludeon.RimWorld.Ideology">0.1</SlaveSuppressionOffset>
		</equippedStatOffsets>
		<costList>
			<ComponentSpacer>4</ComponentSpacer>
			<SteelBar>50</SteelBar>
			<DepletedUranium>15</DepletedUranium>
			<Carbon>8</Carbon>
			<ChitinPlating>8</ChitinPlating>
			<Compaste>10</Compaste>
			<SyntheticFibers>10</SyntheticFibers>
		</costList>
		<researchPrerequisites>
			<li>VFEP_SpecialisedWarcaskets</li>
		</researchPrerequisites>
		<apparel>
			<bodyPartGroups>
				<li>FullHead</li>
			</bodyPartGroups>
			<wornGraphicPath>Things/Pawn/Warcasketlike/WarcasketShock/WarcasketShockHelmet</wornGraphicPath>
			<layers>
				<li>Overhead</li>
			</layers>
			<tags>
				<li>WarcasketHussar</li>
				<li>WarcasketAll</li>
			</tags>
		</apparel>
		<modExtensions>
			<li Class="VFECore.ApparelExtension">
				<equippedStatFactors>
					<MeleeDodgeChance>1.2</MeleeDodgeChance>
				</equippedStatFactors>
			</li>
		</modExtensions>
	</VFEPirates.WarcasketDef>

	<!--======================================================= UPDATE =======================================================-->
	
    <!--=== 破袭 ====-->
	<VFEPirates.WarcasketDef ParentName="VFEP_WarcasketHelmetBase">
		<defName>VFEP_WarcasketHelmet_Siegebreaker</defName>
		<label>siegebreaker warcasket helmet</label>
		<shortDescription>Specialized spacer-tech warcasket helmet with standard protection.</shortDescription>
		<description>Specialized spacer-tech warcasket helmet with standard protection.\n\n10th generation warcaskets were actually adapted from captured pirate rigs, with government military research divisions improving them with advanced power armour designs. Access to a greater amount of high quality resources and the objective of equipping them onto combat veterans that would otherwise be unable to serve meant the program created single-user operated dreadnoughts. The versatility of the armours have been improved, generally reducing restrictions on mixing pieces of different armour series even across generations.\n\nThe Siegebreaker series provides a general focus on stronger ranged shields to improve survivability in the field, whether that be improving the capacitors or the charging conduits. Because it is a relatively simple improvement, this series is suited more for laying down masses of firepower downrange while offering excellent protection so one can freely reposition to flank the enemy.</description>
		<graphicData>
			<texPath>Things/Pawn/Warcasketlike/WarcasketSiegebreaker/WarcasketSiegebreakerHelmet</texPath>
		</graphicData>
		<uiIconScale>1.25</uiIconScale>
		<statBases>
			<Mass>8</Mass>
			<ArmorRating_Sharp>2</ArmorRating_Sharp>
			<ArmorRating_Blunt>1</ArmorRating_Blunt>
			<ArmorRating_Heat>1</ArmorRating_Heat>
			<Insulation_Cold>5</Insulation_Cold>
			<Insulation_Heat>2</Insulation_Heat>
			<EquipDelay>1</EquipDelay>
		</statBases>
		<equippedStatOffsets>
			<PsychicSensitivity>-0.5</PsychicSensitivity>
			<ToxicSensitivity>-0.5</ToxicSensitivity>
			<ShootingAccuracyPawn>0.2</ShootingAccuracyPawn>
			<AimingDelayFactor>-0.2</AimingDelayFactor>
			<SlaveSuppressionOffset MayRequire="Ludeon.RimWorld.Ideology">0.1</SlaveSuppressionOffset>
		</equippedStatOffsets>
		<costList>
			<ComponentUltra>2</ComponentUltra>
			<Titanium>15</Titanium>
			<TitaniumBar>50</TitaniumBar>
			<BiosyntheticMaterial>6</BiosyntheticMaterial>
			<MagneticMaterial>6</MagneticMaterial>
			<Hexcell>2</Hexcell>
		</costList>
		<researchPrerequisites>
			<li>VFEP_SpacerWarcaskets</li>
		</researchPrerequisites>
		<apparel>
			<bodyPartGroups>
				<li>FullHead</li>
			</bodyPartGroups>
			<wornGraphicPath>Things/Pawn/Warcasketlike/WarcasketSiegebreaker/WarcasketSiegebreakerHelmet</wornGraphicPath>
			<layers>
				<li>Overhead</li>
			</layers>
			<tags>
				<li>WarcasketVeteran</li>
				<li>WarcasketAll</li>
			</tags>
		</apparel>
	</VFEPirates.WarcasketDef>
	
	<!--=== 圣盾型 ====-->

	<VFEPirates.WarcasketDef ParentName="VFEP_WarcasketHelmetBase">
		<defName>VFEP_WarcasketHelmet_Guardian</defName>
		<label>guardian warcasket helmet</label>
		<shortDescription>Specialized spacer-tech warcasket helmet with improved impact dispersion.</shortDescription>
		<description>Specialized spacer-tech warcasket helmet with improved impact dispersion.\n\n10th generation warcaskets were actually adapted from captured pirate rigs, with government military research divisions improving them with advanced power armour designs. Access to a greater amount of high quality resources and the objective of equipping them onto combat veterans that would otherwise be unable to serve meant the program created single-user operated dreadnoughts. The versatility of the armours have been improved, generally reducing restrictions on mixing pieces of different armour series even across generations.\n\nThe Guardian series offers greater protection against armour penetration as well as being a mobile reusable low-shield for nearby allies. Because of this, this series is somewhat lacklustre when operating solo or against single targets, but instead excels alongside a large group fighting against targets that use single-use weapons systems.</description>
		<graphicData>
			<texPath>Things/Pawn/Warcasketlike/WarcasketGuardian/WarcasketGuardianHelmet</texPath>
		</graphicData>
		<uiIconScale>1.25</uiIconScale>
		<statBases>
			<Mass>8</Mass>
			<ArmorRating_Sharp>2</ArmorRating_Sharp>
			<ArmorRating_Blunt>1.5</ArmorRating_Blunt>
			<ArmorRating_Heat>1</ArmorRating_Heat>
			<Insulation_Cold>5</Insulation_Cold>
			<Insulation_Heat>2</Insulation_Heat>
			<EquipDelay>1</EquipDelay>
		</statBases>
		<equippedStatOffsets>
			<PsychicSensitivity>-0.5</PsychicSensitivity>
			<ToxicSensitivity>-0.5</ToxicSensitivity>
			<SlaveSuppressionOffset MayRequire="Ludeon.RimWorld.Ideology">0.1</SlaveSuppressionOffset>
		</equippedStatOffsets>
		<costList>
			<ComponentUltra>2</ComponentUltra>
			<Titanium>15</Titanium>
			<TitaniumBar>50</TitaniumBar>
			<BiosyntheticMaterial>6</BiosyntheticMaterial>
			<MagneticMaterial>6</MagneticMaterial>
			<Hexcell>2</Hexcell>
		</costList>
		<researchPrerequisites>
			<li>VFEP_SpacerWarcaskets</li>
		</researchPrerequisites>
		<apparel>
			<bodyPartGroups>
				<li>FullHead</li>
			</bodyPartGroups>
			<wornGraphicPath>Things/Pawn/Warcasketlike/WarcasketGuardian/WarcasketGuardianHelmet</wornGraphicPath>
			<layers>
				<li>Overhead</li>
			</layers>
			<tags>
				<li>WarcasketVeteran</li>
				<li>WarcasketAll</li>
			</tags>
		</apparel>
	</VFEPirates.WarcasketDef>
	
	<!-- ========== 统控 Warcasket ========== -->

	<VFEPirates.WarcasketDef ParentName="VFEP_WarcasketHelmetBase">
		<defName>VFEP_WarcasketHelmet_Controller</defName>
		<label>controller warcasket helmet</label>
		<shortDescription>Specialized spacer-tech warcasket helmet with standard protection, equipped with a miniature combat drone deployment module but no controller.</shortDescription>
		<description>Specialized spacer-tech warcasket helmet with standard protection, equipped with a miniature combat drone deployment module but no controller.\n\n10th generation warcaskets were actually adapted from captured pirate rigs, with government military research divisions improving them with advanced power armour designs. Access to a greater amount of high quality resources and the objective of equipping them onto combat veterans that would otherwise be unable to serve meant the program created single-user operated dreadnoughts. The versatility of the armours have been improved, generally reducing restrictions on mixing pieces of different armour series even across generations.\n\nThe Controller series is packed to the brim with computing technology to support semi-autonomous AI-operated drones. While the power core couldn’t also support a fabrication module, this still permits this series to deploy a brief surge of firepower to overwhelm an enemy, even the odds or offer sufficient distraction to relocate to a more advantageous position. Controllers work very well in defensive locations that can afford to resupply them with the advanced components.</description>
		<graphicData>
			<texPath>Things/Pawn/Warcasketlike/WarcasketController/WarcasketControllerHelmet</texPath>
		</graphicData>
		<uiIconScale>1.25</uiIconScale>
		<statBases>
			<Mass>8</Mass>
			<ArmorRating_Sharp>2</ArmorRating_Sharp>
			<ArmorRating_Blunt>1</ArmorRating_Blunt>
			<ArmorRating_Heat>1</ArmorRating_Heat>
			<Insulation_Cold>10</Insulation_Cold>
			<Insulation_Heat>10</Insulation_Heat>
			<EquipDelay>1</EquipDelay>
		</statBases>
		<equippedStatOffsets>
			<PsychicSensitivity>-0.5</PsychicSensitivity>
			<ToxicSensitivity>-0.5</ToxicSensitivity>
			<SlaveSuppressionOffset MayRequire="Ludeon.RimWorld.Ideology">0.1</SlaveSuppressionOffset>
		</equippedStatOffsets>
		<costList>
			<ComponentUltra>2</ComponentUltra>
			<Titanium>15</Titanium>
			<TitaniumBar>50</TitaniumBar>
			<BiosyntheticMaterial>6</BiosyntheticMaterial>
			<MagneticMaterial>6</MagneticMaterial>
			<Hexcell>2</Hexcell>
		</costList>
		<researchPrerequisites>
			<li>VFEP_SpacerWarcaskets</li>
		</researchPrerequisites>
		<apparel>
			<bodyPartGroups>
				<li>FullHead</li>
			</bodyPartGroups>
			<wornGraphicPath>Things/Pawn/Warcasketlike/WarcasketController/WarcasketControllerHelmet</wornGraphicPath>
			<layers>
				<li>Overhead</li>
			</layers>
			<tags>
				<li>WarcasketVeteran</li>
				<li>WarcasketAll</li>
			</tags>
		</apparel>
	</VFEPirates.WarcasketDef>
	
	<!-- ==========死灵型  Sarcophagus Warcasket ========== -->

	<VFEPirates.WarcasketDef ParentName="VFEP_WarcasketHelmetBase">
		<defName>VFEP_WarcasketHelmet_Sarcophagus</defName>
		<label>sarcophagus warcasket helmet</label>
		<shortDescription>Specialized spacer-tech warcasket helmet with standard protection, equipped with onboard bionics that replace the pilot’s breathing, eating, hearing, sight, and talking functionality. Also comes standard with a consciousness stimulator.</shortDescription>
		<description>Specialized spacer-tech warcasket helmet with standard protection, equipped with onboard bionics that replace the pilot’s breathing, eating, hearing, sight, and talking functionality. Also comes standard with a consciousness stimulator.\n\n10th generation warcaskets were actually adapted from captured pirate rigs, with government military research divisions improving them with advanced power armour designs. Access to a greater amount of high quality resources and the objective of equipping them onto combat veterans that would otherwise be unable to serve meant the program created single-user operated dreadnoughts. The versatility of the armours have been improved, generally reducing restrictions on mixing pieces of different armour series even across generations.\n\nThe Sarcophagus series is an extremely sensitive matter as it sparked numerous debates and riots regarding its use. This is because it can keep the pilot functional even well after they should have otherwise died, thus has been used not only on veterans but also on prisoners, cripples and indentured servants who have effectively been refuted their right to die. Generally, once someone has been integrated into this armour series, they remain inside until they are completely destroyed.</description>
		<graphicData>
			<texPath>Things/Pawn/Warcasketlike/WarcasketSarcophagus/WarcasketSarcophagusHelmet</texPath>
		</graphicData>
		<uiIconScale>1.25</uiIconScale>
		<statBases>
			<Mass>8</Mass>
			<ArmorRating_Sharp>2</ArmorRating_Sharp>
			<ArmorRating_Blunt>1</ArmorRating_Blunt>
			<ArmorRating_Heat>1</ArmorRating_Heat>
			<Insulation_Cold>10</Insulation_Cold>
			<Insulation_Heat>10</Insulation_Heat>
			<EquipDelay>1</EquipDelay>
		</statBases>
		<equippedStatOffsets>
			<PsychicSensitivity>-0.5</PsychicSensitivity>
			<ToxicSensitivity>-0.5</ToxicSensitivity>
			<SlaveSuppressionOffset MayRequire="Ludeon.RimWorld.Ideology">0.1</SlaveSuppressionOffset>
		</equippedStatOffsets>
		<costList>
			<ComponentUltra>2</ComponentUltra>
			<Titanium>15</Titanium>
			<TitaniumBar>50</TitaniumBar>
			<BiosyntheticMaterial>6</BiosyntheticMaterial>
			<MagneticMaterial>6</MagneticMaterial>
			<Hexcell>2</Hexcell>
		</costList>
		<researchPrerequisites>
			<li>VFEP_SpacerWarcaskets</li>
		</researchPrerequisites>
		<modExtensions>
			<li Class="VFECore.ApparelExtension">
				<pawnCapacityMinLevels>
					<li>
						<capacity>Consciousness</capacity>
						<minLevel>1</minLevel>
					</li>
					<li>
						<capacity>Sight</capacity>
						<minLevel>1</minLevel>
					</li>
					<li>
						<capacity>Hearing</capacity>
						<minLevel>1</minLevel>
					</li>
					<li>
						<capacity>Talking</capacity>
						<minLevel>1</minLevel>
					</li>
					<li>
						<capacity>Breathing</capacity>
						<minLevel>1</minLevel>
					</li>
				</pawnCapacityMinLevels>
			</li>
		</modExtensions>
		<apparel>
			<bodyPartGroups>
				<li>FullHead</li>
			</bodyPartGroups>
			<wornGraphicPath>Things/Pawn/Warcasketlike/WarcasketSarcophagus/WarcasketSarcophagusHelmet</wornGraphicPath>
			<layers>
				<li>Overhead</li>
			</layers>
			<tags>
				<li>WarcasketVeteran</li>
				<li>WarcasketAll</li>
			</tags>
		</apparel>
	</VFEPirates.WarcasketDef>

	<VFEPirates.WarcasketDef ParentName="VFEP_WarcasketHelmetBase">
		<defName>VFEP_WarcasketHelmet_Brute</defName>
		<label>brute warcasket helmet</label>
		<shortDescription>Specialized spacer-tech warcasket helmet with standard protection, equipped with a discharge module which feeds from the shields’ capacitors.</shortDescription>
		<description>Specialized spacer-tech warcasket helmet with standard protection, equipped with a discharge module which feeds from the shields’ capacitors.\n\n10th generation warcaskets were actually adapted from captured pirate rigs, with government military research divisions improving them with advanced power armour designs. Access to a greater amount of high quality resources and the objective of equipping them onto combat veterans that would otherwise be unable to serve meant the program created single-user operated dreadnoughts. The versatility of the armours have been improved, generally reducing restrictions on mixing pieces of different armour series even across generations.\n\nThe Brute series is equipped with one of the most advanced shield modules available along with numerous oversized capacitors. Unique to this series, the shields lack the ability to allow the user to fire ranged weapons, but makes up for it by additionally blocking melee as well as ranged attacks. Due to the excessive number of capacitors, the recharge rate for the shields is particularly slow. As such, a Brute should go into melee and kill everything in one go, even detonating their shields if they don’t put themselves in immediate danger.</description>
		<graphicData>
			<texPath>Things/Pawn/Warcasketlike/WarcasketBrute/WarcasketBruteHelmet</texPath>
		</graphicData>
		<uiIconScale>1.25</uiIconScale>
		<statBases>
			<Mass>8</Mass>
			<ArmorRating_Sharp>2</ArmorRating_Sharp>
			<ArmorRating_Blunt>1</ArmorRating_Blunt>
			<ArmorRating_Heat>1</ArmorRating_Heat>
			<Insulation_Cold>10</Insulation_Cold>
			<Insulation_Heat>10</Insulation_Heat>
			<EquipDelay>1</EquipDelay>
		</statBases>
		<equippedStatOffsets>
			<PsychicSensitivity>-0.5</PsychicSensitivity>
			<ToxicSensitivity>-0.5</ToxicSensitivity>
			<MentalBreakThreshold>0.3</MentalBreakThreshold>
			<SlaveSuppressionOffset MayRequire="Ludeon.RimWorld.Ideology">0.1</SlaveSuppressionOffset>
		</equippedStatOffsets>
		<costList>
			<ComponentUltra>2</ComponentUltra>
			<Titanium>15</Titanium>
			<TitaniumBar>50</TitaniumBar>
			<BiosyntheticMaterial>6</BiosyntheticMaterial>
			<MagneticMaterial>6</MagneticMaterial>
			<Hexcell>2</Hexcell>
		</costList>
		<researchPrerequisites>
			<li>VFEP_SpacerWarcaskets</li>
		</researchPrerequisites>
		<verbs>
			<li>
				<verbClass>VFEPirates.Verb_ShieldDetonation</verbClass>
				<label>shield detonation</label>
				<violent>false</violent>
				<hasStandardCommand>true</hasStandardCommand>
				<commandIcon>UI/Abilities/WarcasketShieldDetonation</commandIcon>
				<targetable>false</targetable>
				<nonInterruptingSelfCast>true</nonInterruptingSelfCast>
				<onlyManualCast>True</onlyManualCast>
			</li>
		</verbs>
		<comps>
			<li Class="MVCF.Comps.CompProperties_VerbGiver">
				<verbProps>
					<li>
						<label>shield detonation</label>
						<visualLabel>shield detonation</visualLabel>
						<description>Overload the personal shield to create a blast of kinetic energy around the warcasket, damaging everything in radius that gets bigger the more energy it detonates.</description>
						<draw>false</draw>
					</li>
				</verbProps>
			</li>
		</comps>
		<apparel>
			<bodyPartGroups>
				<li>FullHead</li>
			</bodyPartGroups>
			<wornGraphicPath>Things/Pawn/Warcasketlike/WarcasketBrute/WarcasketBruteHelmet</wornGraphicPath>
			<layers>
				<li>Overhead</li>
			</layers>
			<tags>
				<li>WarcasketVeteran</li>
				<li>WarcasketMelee</li>
			</tags>
		</apparel>
	</VFEPirates.WarcasketDef>

</Defs>
