<?xml version="1.0" encoding="UTF-8"?>
<Patch>
   <Operation Class="PatchOperationAdd">
      <xpath>/Defs/TraderKindDef[defName = "Base_Outlander_Standard" or defName = "Caravan_Outlander_CombatSupplier" or defName = "Orbital_CombatSupplier"]/stockGenerators</xpath>
      <value>
         <li Class="StockGenerator_Tag">
            <tradeTag>VFEP_WarcasketWeaponExotic</tradeTag>
            <thingDefCountRange>1</thingDefCountRange>
            <countRange>-10~1</countRange>
         </li>
      </value>
   </Operation>
</Patch>