<?xml version="1.0" encoding="utf-8" ?>
<Patch>

  <Operation Class="PatchOperationFindMod">
    <mods>
      <li>Vanilla Factions Expanded - Pirates</li>
    </mods>
    <match Class="PatchOperationSequence">
      <operations>

		<!-- Firing Frenzy -->

		<li Class="PatchOperationReplace" MayRequire="Ludeon.RimWorld.Ideology">
			<xpath>/Defs/HediffDef[defName="VFEP_FiringFrenzy"]/comps/li[@Class="HediffCompProperties_GiveHediffsInRange"]/range</xpath>
			<value>
				<range>14.9</range>
			</value>
		</li>

		<li Class="PatchOperationReplace" MayRequire="Ludeon.RimWorld.Ideology">
			<xpath>/Defs/HediffDef[defName="VFEP_FiringFrenzyBuff"]/stages/li/statOffsets</xpath>
			<value>
				<statOffsets>
					<Suppressability>-0.25</Suppressability>
				</statOffsets>
			</value>
		</li>

		<li Class="PatchOperationAdd" MayRequire="Ludeon.RimWorld.Ideology">
			<xpath>/Defs/HediffDef[defName="VFEP_FiringFrenzyBuff"]/stages/li</xpath>
			<value>
				<statFactors>
					<ReloadSpeed>1.20</ReloadSpeed>
				</statFactors>
			</value>
		</li>

      </operations>
    </match>

  </Operation>

</Patch>

