<?xml version="1.0" encoding="utf-8" ?>
<Patch>

  <Operation Class="PatchOperationFindMod">
    <mods>
      <li>Vanilla Factions Expanded - Pirates</li>
    </mods>
    <match Class="PatchOperationSequence">
      <operations>

		<!-- Pirate Captain -->

		<li Class="PatchOperationReplace" MayRequire="Ludeon.RimWorld.Ideology">
			<xpath>/Defs/PreceptDef[defName="VFEP_IdeoRole_Captain"]/roleEffects/li[./statDef="ShootingAccuracyPawn"]/modifier</xpath>
			<value>
				<modifier>3</modifier>
			</value>
		</li>

		<li Class="PatchOperationReplace" MayRequire="Ludeon.RimWorld.Ideology">
			<xpath>/Defs/PreceptDef[defName="VFEP_IdeoRole_Captain"]/roleEffects/li[./statDef="AimingDelayFactor"]</xpath>
			<value>
				<li Class="RoleEffect_PawnStatOffset">
					<statDef>ReloadSpeed</statDef>
					<modifier>0.15</modifier>
				</li>
			</value>
		</li>

      </operations>
    </match>

  </Operation>

</Patch>

